Product_SerialNumber,Product_Name,Product_measurement,Product_description,Product_line_number
SN571181665,Sony WH-1000XM5 Max,30x19x4 cm,High-quality Sony WH-1000XM5. Perfect for everyday use.,PLN047707
SN269083605,Garmin Fenix 7,33x10x7 cm,High-quality Garmin Fenix 7. Perfect for everyday use.,PLN048374
SN632692614,"Samsung 65"" QLED Ultra",40x28x3 cm,"High-quality Samsung 65"" QLED. Perfect for everyday use.",PLN032475
SN129540106,Canon EOS R50,35x17x5 cm,High-quality Canon EOS R50. Perfect for everyday use.,PLN046380
SN866944899,"Samsung 65"" QLED Max",14x17x10 cm,"High-quality Samsung 65"" QLED. Perfect for everyday use.",PLN004638
SN204565968,Kindle Paperwhite Lite,32x28x10 cm,High-quality Kindle Paperwhite. Perfect for everyday use.,PLN030098
SN679922843,Logitech MX Keys SE,20x20x10 cm,High-quality Logitech MX Keys. Perfect for everyday use.,PLN030117
SN470443529,Epson L3250,33x18x7 cm,High-quality Epson L3250. Perfect for everyday use.,PLN044698
SN459451013,MacBook Pro 14,27x13x9 cm,High-quality MacBook Pro 14. Perfect for everyday use.,PLN010110
SN658764771,AirPods Pro 2 SE,14x19x7 cm,High-quality AirPods Pro 2. Perfect for everyday use.,PLN018535
SN697614499,Kindle Paperwhite Standard,10x17x1 cm,High-quality Kindle Paperwhite. Perfect for everyday use.,PLN030021
SN893679551,Logitech MX Keys,18x14x1 cm,High-quality Logitech MX Keys. Perfect for everyday use.,PLN003398
SN645975527,DJI Mini 4 Pro Standard,40x27x4 cm,High-quality DJI Mini 4 Pro. Perfect for everyday use.,PLN047042
SN830572850,DJI Mini 4 Pro Standard,13x13x9 cm,High-quality DJI Mini 4 Pro. Perfect for everyday use.,PLN021648
SN243392529,Xbox Series X,29x5x10 cm,High-quality Xbox Series X. Perfect for everyday use.,PLN006846
SN656184057,JBL Flip 6,14x24x3 cm,High-quality JBL Flip 6. Perfect for everyday use.,PLN045504
SN542116966,"Samsung 65"" QLED Ultra",32x23x3 cm,"High-quality Samsung 65"" QLED. Perfect for everyday use.",PLN046194
SN983556207,Logitech MX Keys,13x18x1 cm,High-quality Logitech MX Keys. Perfect for everyday use.,PLN044017
SN961622974,iPhone 15 Pro,36x29x3 cm,High-quality iPhone 15 Pro. Perfect for everyday use.,PLN010195
SN558736454,ASUS ZenBook 14 Ultra,26x25x4 cm,High-quality ASUS ZenBook 14. Perfect for everyday use.,PLN019063
SN751719292,AirPods Pro 2,11x25x6 cm,High-quality AirPods Pro 2. Perfect for everyday use.,PLN001495
SN179877028,Samsung T7 SSD,16x24x1 cm,High-quality Samsung T7 SSD. Perfect for everyday use.,PLN045418
SN950434969,ASUS ZenBook 14,11x22x2 cm,High-quality ASUS ZenBook 14. Perfect for everyday use.,PLN033343
SN616168357,Dell XPS 15,32x29x8 cm,High-quality Dell XPS 15. Perfect for everyday use.,PLN024247
SN215789725,GoPro Hero 12,28x10x10 cm,High-quality GoPro Hero 12. Perfect for everyday use.,PLN007097
SN868597168,"Samsung 65"" QLED Max",25x10x10 cm,"High-quality Samsung 65"" QLED. Perfect for everyday use.",PLN029595
SN699642085,Dyson V15,20x14x3 cm,High-quality Dyson V15. Perfect for everyday use.,PLN041441
SN512827994,Dell XPS 15 Ultra,39x15x3 cm,High-quality Dell XPS 15. Perfect for everyday use.,PLN022690
SN886196669,AirPods Pro 2 SE,29x25x7 cm,High-quality AirPods Pro 2. Perfect for everyday use.,PLN022124
SN792557586,Dyson V15 Lite,35x7x1 cm,High-quality Dyson V15. Perfect for everyday use.,PLN037232
SN659860385,Epson L3250 Plus,23x11x5 cm,High-quality Epson L3250. Perfect for everyday use.,PLN015552
SN414917268,JBL Flip 6,17x22x7 cm,High-quality JBL Flip 6. Perfect for everyday use.,PLN002755
SN987397067,Garmin Fenix 7,30x14x8 cm,High-quality Garmin Fenix 7. Perfect for everyday use.,PLN045963
SN819628197,Nintendo Switch OLED,11x27x2 cm,High-quality Nintendo Switch OLED. Perfect for everyday use.,PLN042683
SN365549500,Nespresso Vertuo,31x29x3 cm,High-quality Nespresso Vertuo. Perfect for everyday use.,PLN046456
SN875595874,Dyson V15 Plus,30x7x7 cm,High-quality Dyson V15. Perfect for everyday use.,PLN048176
SN555020609,DJI Mini 4 Pro,22x26x2 cm,High-quality DJI Mini 4 Pro. Perfect for everyday use.,PLN006709
SN849787052,Razer DeathAdder Standard,12x22x10 cm,High-quality Razer DeathAdder. Perfect for everyday use.,PLN044362
SN183163451,Canon EOS R50,38x11x5 cm,High-quality Canon EOS R50. Perfect for everyday use.,PLN030817
SN317914527,Epson L3250,18x11x1 cm,High-quality Epson L3250. Perfect for everyday use.,PLN023026
SN947467869,Dyson V15,28x10x4 cm,High-quality Dyson V15. Perfect for everyday use.,PLN035402
SN349858660,Kindle Paperwhite Standard,32x18x9 cm,High-quality Kindle Paperwhite. Perfect for everyday use.,PLN044127
SN685318615,Xbox Series X,18x7x10 cm,High-quality Xbox Series X. Perfect for everyday use.,PLN009078
SN580542964,"Samsung 65"" QLED Ultra",35x14x6 cm,"High-quality Samsung 65"" QLED. Perfect for everyday use.",PLN014268
SN113674643,Samsung T7 SSD,24x25x4 cm,High-quality Samsung T7 SSD. Perfect for everyday use.,PLN028326
SN867468531,Logitech MX Keys,16x22x2 cm,High-quality Logitech MX Keys. Perfect for everyday use.,PLN011078
SN125363815,Canon EOS R50 Max,11x5x6 cm,High-quality Canon EOS R50. Perfect for everyday use.,PLN012362
SN892753602,Sony WH-1000XM5,11x17x8 cm,High-quality Sony WH-1000XM5. Perfect for everyday use.,PLN047625
SN278784216,ASUS ZenBook 14 Ultra,14x18x7 cm,High-quality ASUS ZenBook 14. Perfect for everyday use.,PLN031489
SN105600478,Sony Alpha 7IV Plus,35x11x7 cm,High-quality Sony Alpha 7IV. Perfect for everyday use.,PLN017638
SN552532845,Dyson V15 Max,28x13x2 cm,High-quality Dyson V15. Perfect for everyday use.,PLN043338
SN608020535,DJI Mini 4 Pro Standard,36x26x7 cm,High-quality DJI Mini 4 Pro. Perfect for everyday use.,PLN041022
SN651986662,MacBook Pro 14,26x10x3 cm,High-quality MacBook Pro 14. Perfect for everyday use.,PLN018339
SN270054741,Nintendo Switch OLED,13x11x7 cm,High-quality Nintendo Switch OLED. Perfect for everyday use.,PLN011753
SN726872665,Epson L3250 Pro,15x10x9 cm,High-quality Epson L3250. Perfect for everyday use.,PLN037651
SN596312089,Xbox Series X,28x24x3 cm,High-quality Xbox Series X. Perfect for everyday use.,PLN001278
SN863488510,Garmin Fenix 7,35x16x8 cm,High-quality Garmin Fenix 7. Perfect for everyday use.,PLN036859
SN213260151,Epson L3250,30x24x9 cm,High-quality Epson L3250. Perfect for everyday use.,PLN006460
SN832781276,Dyson V15,12x22x8 cm,High-quality Dyson V15. Perfect for everyday use.,PLN006312
SN835261303,Garmin Fenix 7 SE,25x9x10 cm,High-quality Garmin Fenix 7. Perfect for everyday use.,PLN015941
SN544179579,Kindle Paperwhite,31x26x5 cm,High-quality Kindle Paperwhite. Perfect for everyday use.,PLN002659
SN508388263,Nespresso Vertuo Max,16x25x1 cm,High-quality Nespresso Vertuo. Perfect for everyday use.,PLN041627
SN350569181,AirPods Pro 2,27x11x1 cm,High-quality AirPods Pro 2. Perfect for everyday use.,PLN039064
SN720624517,"LG OLED 55"" Lite",21x20x9 cm,"High-quality LG OLED 55"". Perfect for everyday use.",PLN041944
SN958473986,PlayStation 5 Max,28x29x9 cm,High-quality PlayStation 5. Perfect for everyday use.,PLN035006
SN118882081,Xiaomi 14 Pro Plus,20x29x2 cm,High-quality Xiaomi 14 Pro. Perfect for everyday use.,PLN025574
SN362363951,DJI Mini 4 Pro,34x23x3 cm,High-quality DJI Mini 4 Pro. Perfect for everyday use.,PLN029937
SN905444958,ASUS ZenBook 14,26x15x9 cm,High-quality ASUS ZenBook 14. Perfect for everyday use.,PLN025617
SN530773542,Nespresso Vertuo Lite,15x24x9 cm,High-quality Nespresso Vertuo. Perfect for everyday use.,PLN030253
SN332053516,Dyson V15 Pro,37x12x8 cm,High-quality Dyson V15. Perfect for everyday use.,PLN035269
SN805557365,iPhone 15 Pro,21x22x5 cm,High-quality iPhone 15 Pro. Perfect for everyday use.,PLN045301
SN684590140,Xbox Series X,22x6x5 cm,High-quality Xbox Series X. Perfect for everyday use.,PLN019266
SN775349787,Nintendo Switch OLED Plus,14x14x10 cm,High-quality Nintendo Switch OLED. Perfect for everyday use.,PLN006306
SN640366635,iPhone 15 Pro,36x14x5 cm,High-quality iPhone 15 Pro. Perfect for everyday use.,PLN047150
SN702555339,Epson L3250,10x29x2 cm,High-quality Epson L3250. Perfect for everyday use.,PLN046500
SN600433375,Samsung T7 SSD Standard,11x15x5 cm,High-quality Samsung T7 SSD. Perfect for everyday use.,PLN002907
SN983188146,"Samsung 65"" QLED Ultra",37x21x8 cm,"High-quality Samsung 65"" QLED. Perfect for everyday use.",PLN049900
SN891869344,Dyson V15,27x5x6 cm,High-quality Dyson V15. Perfect for everyday use.,PLN029862
SN311948205,Nespresso Vertuo,39x5x1 cm,High-quality Nespresso Vertuo. Perfect for everyday use.,PLN012446
SN186404978,Razer DeathAdder Plus,18x13x9 cm,High-quality Razer DeathAdder. Perfect for everyday use.,PLN043134
SN307761952,Samsung T7 SSD,19x27x8 cm,High-quality Samsung T7 SSD. Perfect for everyday use.,PLN025884
SN150938666,Canon EOS R50 Pro,32x23x3 cm,High-quality Canon EOS R50. Perfect for everyday use.,PLN036677
SN562513435,Samsung T7 SSD,27x28x9 cm,High-quality Samsung T7 SSD. Perfect for everyday use.,PLN047084
SN448664540,Epson L3250 Pro,20x12x6 cm,High-quality Epson L3250. Perfect for everyday use.,PLN048735
SN949351243,MacBook Pro 14 Standard,28x30x10 cm,High-quality MacBook Pro 14. Perfect for everyday use.,PLN009956
SN552035686,GoPro Hero 12,10x26x5 cm,High-quality GoPro Hero 12. Perfect for everyday use.,PLN016735
SN100774194,Sony Alpha 7IV,12x18x7 cm,High-quality Sony Alpha 7IV. Perfect for everyday use.,PLN019823
SN517002319,Dyson V15 Ultra,24x12x1 cm,High-quality Dyson V15. Perfect for everyday use.,PLN043326
SN767713861,Epson L3250 Plus,29x13x3 cm,High-quality Epson L3250. Perfect for everyday use.,PLN045306
SN449000369,Kindle Paperwhite,37x14x10 cm,High-quality Kindle Paperwhite. Perfect for everyday use.,PLN003382
SN821752902,PlayStation 5 Plus,28x27x1 cm,High-quality PlayStation 5. Perfect for everyday use.,PLN006970
SN389901165,Garmin Fenix 7 Plus,21x14x2 cm,High-quality Garmin Fenix 7. Perfect for everyday use.,PLN049073
SN636990013,Samsung T7 SSD,10x13x8 cm,High-quality Samsung T7 SSD. Perfect for everyday use.,PLN034479
SN246881526,GoPro Hero 12 Max,20x24x7 cm,High-quality GoPro Hero 12. Perfect for everyday use.,PLN009179
SN162390086,DJI Mini 4 Pro Pro,35x27x6 cm,High-quality DJI Mini 4 Pro. Perfect for everyday use.,PLN029984
SN236402267,Garmin Fenix 7,32x14x9 cm,High-quality Garmin Fenix 7. Perfect for everyday use.,PLN046494
SN548058043,Sony Alpha 7IV,20x10x2 cm,High-quality Sony Alpha 7IV. Perfect for everyday use.,PLN029698
SN134911099,PlayStation 5,35x10x10 cm,High-quality PlayStation 5. Perfect for everyday use.,PLN003415
SN515253268,"Samsung 65"" QLED",26x13x10 cm,"High-quality Samsung 65"" QLED. Perfect for everyday use.",PLN049649
SN108445383,PlayStation 5,25x5x4 cm,High-quality PlayStation 5. Perfect for everyday use.,PLN016512
SN617581747,Sony WH-1000XM5,29x24x2 cm,High-quality Sony WH-1000XM5. Perfect for everyday use.,PLN015377
SN262751099,Logitech MX Keys,30x6x6 cm,High-quality Logitech MX Keys. Perfect for everyday use.,PLN003870
SN562314772,Canon EOS R50 Standard,40x24x9 cm,High-quality Canon EOS R50. Perfect for everyday use.,PLN013003
SN390838922,DJI Mini 4 Pro SE,23x8x5 cm,High-quality DJI Mini 4 Pro. Perfect for everyday use.,PLN022657
SN412818441,Canon EOS R50,10x16x2 cm,High-quality Canon EOS R50. Perfect for everyday use.,PLN017900
SN611788471,ASUS ROG Monitor,31x15x10 cm,High-quality ASUS ROG Monitor. Perfect for everyday use.,PLN015030
SN931906124,PlayStation 5,12x28x7 cm,High-quality PlayStation 5. Perfect for everyday use.,PLN048870
SN512165815,"Samsung 65"" QLED Lite",10x17x2 cm,"High-quality Samsung 65"" QLED. Perfect for everyday use.",PLN033862
SN566961377,iPhone 15 Pro Standard,23x17x2 cm,High-quality iPhone 15 Pro. Perfect for everyday use.,PLN045317
SN976132363,Sony WH-1000XM5,40x14x5 cm,High-quality Sony WH-1000XM5. Perfect for everyday use.,PLN028711
SN246073614,Epson L3250,28x19x6 cm,High-quality Epson L3250. Perfect for everyday use.,PLN048206
SN582138582,PlayStation 5 Plus,20x24x9 cm,High-quality PlayStation 5. Perfect for everyday use.,PLN014769
SN983258041,Xbox Series X Max,32x29x3 cm,High-quality Xbox Series X. Perfect for everyday use.,PLN019079
SN723359206,ASUS ROG Monitor Standard,27x11x5 cm,High-quality ASUS ROG Monitor. Perfect for everyday use.,PLN008652
SN375072268,AirPods Pro 2,40x19x6 cm,High-quality AirPods Pro 2. Perfect for everyday use.,PLN014550
SN300407281,PlayStation 5,32x15x9 cm,High-quality PlayStation 5. Perfect for everyday use.,PLN019218
SN258152154,Canon EOS R50,14x22x4 cm,High-quality Canon EOS R50. Perfect for everyday use.,PLN020672
SN765466488,PlayStation 5,26x16x4 cm,High-quality PlayStation 5. Perfect for everyday use.,PLN003731
SN442868695,Xbox Series X,39x17x1 cm,High-quality Xbox Series X. Perfect for everyday use.,PLN012811
SN631619127,PlayStation 5,25x6x6 cm,High-quality PlayStation 5. Perfect for everyday use.,PLN009200
SN380892232,"LG OLED 55""",37x26x2 cm,"High-quality LG OLED 55"". Perfect for everyday use.",PLN031865
SN117977325,Samsung T7 SSD,35x6x8 cm,High-quality Samsung T7 SSD. Perfect for everyday use.,PLN045294
SN638879735,Xiaomi 14 Pro,10x28x7 cm,High-quality Xiaomi 14 Pro. Perfect for everyday use.,PLN044840
SN350346336,AirPods Pro 2 SE,35x13x6 cm,High-quality AirPods Pro 2. Perfect for everyday use.,PLN020432
SN947662356,"Samsung 65"" QLED Ultra",26x5x10 cm,"High-quality Samsung 65"" QLED. Perfect for everyday use.",PLN012555
SN615517327,Samsung Galaxy Tab S9,29x17x4 cm,High-quality Samsung Galaxy Tab S9. Perfect for everyday use.,PLN010253
SN668370652,iPhone 15 Pro Plus,34x16x5 cm,High-quality iPhone 15 Pro. Perfect for everyday use.,PLN006834
SN821875925,Samsung Galaxy Tab S9,19x20x10 cm,High-quality Samsung Galaxy Tab S9. Perfect for everyday use.,PLN003700
SN361347624,Epson L3250 Plus,12x16x10 cm,High-quality Epson L3250. Perfect for everyday use.,PLN046219
SN112703315,Samsung T7 SSD Lite,31x19x8 cm,High-quality Samsung T7 SSD. Perfect for everyday use.,PLN029682
SN699313297,iPhone 15 Pro Pro,25x13x2 cm,High-quality iPhone 15 Pro. Perfect for everyday use.,PLN014073
SN565676781,"Samsung 65"" QLED",17x9x1 cm,"High-quality Samsung 65"" QLED. Perfect for everyday use.",PLN044594
SN167123977,Sony WH-1000XM5,10x29x6 cm,High-quality Sony WH-1000XM5. Perfect for everyday use.,PLN019698
SN247581613,Nintendo Switch OLED Standard,25x12x5 cm,High-quality Nintendo Switch OLED. Perfect for everyday use.,PLN041281
SN665361187,Garmin Fenix 7,14x8x4 cm,High-quality Garmin Fenix 7. Perfect for everyday use.,PLN007700
SN981643779,Epson L3250,15x12x6 cm,High-quality Epson L3250. Perfect for everyday use.,PLN028627
SN463456800,Epson L3250,28x11x4 cm,High-quality Epson L3250. Perfect for everyday use.,PLN012714
SN220294510,ASUS ZenBook 14 Pro,22x13x6 cm,High-quality ASUS ZenBook 14. Perfect for everyday use.,PLN019204
SN400113392,"LG OLED 55""",26x26x5 cm,"High-quality LG OLED 55"". Perfect for everyday use.",PLN013508
SN703226647,Dyson V15 Lite,22x9x2 cm,High-quality Dyson V15. Perfect for everyday use.,PLN036529
SN500467574,Dyson V15,18x14x3 cm,High-quality Dyson V15. Perfect for everyday use.,PLN046280
SN511589432,Logitech MX Keys Max,15x10x9 cm,High-quality Logitech MX Keys. Perfect for everyday use.,PLN028429
SN244407217,DJI Mini 4 Pro Max,30x28x10 cm,High-quality DJI Mini 4 Pro. Perfect for everyday use.,PLN010767
SN699147425,Kindle Paperwhite,39x8x6 cm,High-quality Kindle Paperwhite. Perfect for everyday use.,PLN012652
SN870809125,Razer DeathAdder,15x25x5 cm,High-quality Razer DeathAdder. Perfect for everyday use.,PLN028460
SN141084338,Razer DeathAdder,13x12x10 cm,High-quality Razer DeathAdder. Perfect for everyday use.,PLN012185
SN294981681,GoPro Hero 12,30x17x3 cm,High-quality GoPro Hero 12. Perfect for everyday use.,PLN022701
SN159870818,Sony Alpha 7IV Lite,27x10x9 cm,High-quality Sony Alpha 7IV. Perfect for everyday use.,PLN036645
SN149163980,iPhone 15 Pro Ultra,31x18x3 cm,High-quality iPhone 15 Pro. Perfect for everyday use.,PLN024923
SN566152395,Logitech MX Keys Plus,39x7x1 cm,High-quality Logitech MX Keys. Perfect for everyday use.,PLN042806
SN207625426,Sony Alpha 7IV Standard,39x25x10 cm,High-quality Sony Alpha 7IV. Perfect for everyday use.,PLN022499
SN158931992,Xbox Series X,17x24x5 cm,High-quality Xbox Series X. Perfect for everyday use.,PLN012622
SN419777307,Dyson V15,32x11x10 cm,High-quality Dyson V15. Perfect for everyday use.,PLN006894
SN266556424,Xiaomi 14 Pro Max,17x27x1 cm,High-quality Xiaomi 14 Pro. Perfect for everyday use.,PLN035592
SN219964911,Canon EOS R50 Plus,28x11x2 cm,High-quality Canon EOS R50. Perfect for everyday use.,PLN000430
SN274149391,Sony Alpha 7IV,24x30x3 cm,High-quality Sony Alpha 7IV. Perfect for everyday use.,PLN037355
SN367922719,GoPro Hero 12 Plus,26x16x8 cm,High-quality GoPro Hero 12. Perfect for everyday use.,PLN049343
SN641089401,PlayStation 5 Ultra,24x8x3 cm,High-quality PlayStation 5. Perfect for everyday use.,PLN041587
SN777835522,Kindle Paperwhite,33x16x8 cm,High-quality Kindle Paperwhite. Perfect for everyday use.,PLN005965
SN739768807,Kindle Paperwhite Lite,16x9x10 cm,High-quality Kindle Paperwhite. Perfect for everyday use.,PLN014977
SN842211155,Xbox Series X,11x29x4 cm,High-quality Xbox Series X. Perfect for everyday use.,PLN023547
SN159622285,GoPro Hero 12,28x13x7 cm,High-quality GoPro Hero 12. Perfect for everyday use.,PLN028699
SN261912137,Logitech MX Keys,37x16x5 cm,High-quality Logitech MX Keys. Perfect for everyday use.,PLN006532
SN376655041,ASUS ZenBook 14,36x7x7 cm,High-quality ASUS ZenBook 14. Perfect for everyday use.,PLN034339
SN257471013,Garmin Fenix 7,14x23x3 cm,High-quality Garmin Fenix 7. Perfect for everyday use.,PLN015394
SN806006384,ASUS ZenBook 14 Lite,19x21x9 cm,High-quality ASUS ZenBook 14. Perfect for everyday use.,PLN000538
SN678113412,iPhone 15 Pro Plus,13x7x4 cm,High-quality iPhone 15 Pro. Perfect for everyday use.,PLN014042
SN245673075,JBL Flip 6,34x29x7 cm,High-quality JBL Flip 6. Perfect for everyday use.,PLN028507
SN674653389,Dell XPS 15,12x24x4 cm,High-quality Dell XPS 15. Perfect for everyday use.,PLN029795
SN115247157,Garmin Fenix 7 Pro,15x12x3 cm,High-quality Garmin Fenix 7. Perfect for everyday use.,PLN044163
SN413033221,Garmin Fenix 7,35x7x3 cm,High-quality Garmin Fenix 7. Perfect for everyday use.,PLN034482
SN940120598,Epson L3250 SE,27x20x6 cm,High-quality Epson L3250. Perfect for everyday use.,PLN026623
SN464770555,Apple Watch Series 9 SE,28x12x8 cm,High-quality Apple Watch Series 9. Perfect for everyday use.,PLN013884
SN985928866,iPad Air 5,34x7x4 cm,High-quality iPad Air 5. Perfect for everyday use.,PLN035051
SN268750901,DJI Mini 4 Pro Ultra,24x11x9 cm,High-quality DJI Mini 4 Pro. Perfect for everyday use.,PLN006110
SN304663116,Samsung T7 SSD Standard,10x30x3 cm,High-quality Samsung T7 SSD. Perfect for everyday use.,PLN041149
SN573485701,Logitech MX Keys Pro,25x29x8 cm,High-quality Logitech MX Keys. Perfect for everyday use.,PLN020849
SN230761224,PlayStation 5 Pro,32x14x5 cm,High-quality PlayStation 5. Perfect for everyday use.,PLN008162
SN824954148,Nintendo Switch OLED,26x9x10 cm,High-quality Nintendo Switch OLED. Perfect for everyday use.,PLN007250
SN798286236,Dyson V15 SE,12x10x7 cm,High-quality Dyson V15. Perfect for everyday use.,PLN023741
SN429484816,Logitech MX Keys,15x16x2 cm,High-quality Logitech MX Keys. Perfect for everyday use.,PLN022632
SN472845185,Nintendo Switch OLED,34x15x3 cm,High-quality Nintendo Switch OLED. Perfect for everyday use.,PLN002091
SN929073308,Samsung Galaxy S24,38x24x1 cm,High-quality Samsung Galaxy S24. Perfect for everyday use.,PLN005825
SN111767143,Samsung T7 SSD,16x6x10 cm,High-quality Samsung T7 SSD. Perfect for everyday use.,PLN046601
SN997802121,Epson L3250 Plus,33x16x4 cm,High-quality Epson L3250. Perfect for everyday use.,PLN027823
SN146143917,Apple Watch Series 9 SE,30x8x8 cm,High-quality Apple Watch Series 9. Perfect for everyday use.,PLN024184
SN465386172,Sony WH-1000XM5 Standard,24x5x6 cm,High-quality Sony WH-1000XM5. Perfect for everyday use.,PLN025212
SN212049628,Nintendo Switch OLED,28x17x7 cm,High-quality Nintendo Switch OLED. Perfect for everyday use.,PLN044927
SN208845305,Sony WH-1000XM5,28x20x7 cm,High-quality Sony WH-1000XM5. Perfect for everyday use.,PLN033553
SN552291754,ASUS ROG Monitor,11x28x10 cm,High-quality ASUS ROG Monitor. Perfect for everyday use.,PLN009508
SN808351589,JBL Flip 6,11x30x4 cm,High-quality JBL Flip 6. Perfect for everyday use.,PLN007820
SN871435208,MacBook Pro 14 Ultra,17x11x2 cm,High-quality MacBook Pro 14. Perfect for everyday use.,PLN045970
SN471262120,AirPods Pro 2 Max,27x9x1 cm,High-quality AirPods Pro 2. Perfect for everyday use.,PLN014780
SN503775620,iPhone 15 Pro,28x5x10 cm,High-quality iPhone 15 Pro. Perfect for everyday use.,PLN032226
SN390119273,MacBook Pro 14,17x9x6 cm,High-quality MacBook Pro 14. Perfect for everyday use.,PLN046511
SN977274810,AirPods Pro 2,12x8x4 cm,High-quality AirPods Pro 2. Perfect for everyday use.,PLN040164
SN118755013,Epson L3250 Max,19x18x10 cm,High-quality Epson L3250. Perfect for everyday use.,PLN033230
SN497665934,ASUS ZenBook 14,13x22x5 cm,High-quality ASUS ZenBook 14. Perfect for everyday use.,PLN037793
SN712305802,JBL Flip 6 Ultra,13x9x4 cm,High-quality JBL Flip 6. Perfect for everyday use.,PLN042645
SN556284606,Garmin Fenix 7,37x12x9 cm,High-quality Garmin Fenix 7. Perfect for everyday use.,PLN034960
SN483807568,AirPods Pro 2 Plus,17x16x8 cm,High-quality AirPods Pro 2. Perfect for everyday use.,PLN008587
SN178746714,ASUS ROG Monitor Max,14x25x4 cm,High-quality ASUS ROG Monitor. Perfect for everyday use.,PLN007440
SN233114896,Dell XPS 15 Pro,30x7x8 cm,High-quality Dell XPS 15. Perfect for everyday use.,PLN040290
SN588962130,Sony WH-1000XM5,37x6x8 cm,High-quality Sony WH-1000XM5. Perfect for everyday use.,PLN033011
SN620932215,Logitech MX Keys,24x21x2 cm,High-quality Logitech MX Keys. Perfect for everyday use.,PLN039483
SN753711932,Samsung T7 SSD,35x22x1 cm,High-quality Samsung T7 SSD. Perfect for everyday use.,PLN019645
SN583759674,Xiaomi 14 Pro,39x9x8 cm,High-quality Xiaomi 14 Pro. Perfect for everyday use.,PLN039930
SN143119987,Samsung T7 SSD,20x10x3 cm,High-quality Samsung T7 SSD. Perfect for everyday use.,PLN028807
SN824852177,iPad Air 5 Plus,13x5x6 cm,High-quality iPad Air 5. Perfect for everyday use.,PLN017109
SN457198220,ASUS ROG Monitor,18x8x6 cm,High-quality ASUS ROG Monitor. Perfect for everyday use.,PLN007250
SN410769971,iPhone 15 Pro Plus,26x13x9 cm,High-quality iPhone 15 Pro. Perfect for everyday use.,PLN045309
SN657324842,Samsung Galaxy S24,28x23x8 cm,High-quality Samsung Galaxy S24. Perfect for everyday use.,PLN011174
SN724714782,ASUS ROG Monitor,11x16x10 cm,High-quality ASUS ROG Monitor. Perfect for everyday use.,PLN042184
SN308653007,Samsung Galaxy Tab S9,25x12x9 cm,High-quality Samsung Galaxy Tab S9. Perfect for everyday use.,PLN044639
SN753805447,Sony Alpha 7IV,20x21x2 cm,High-quality Sony Alpha 7IV. Perfect for everyday use.,PLN028149
SN898149957,Sony WH-1000XM5 Lite,33x9x3 cm,High-quality Sony WH-1000XM5. Perfect for everyday use.,PLN038447
SN862161956,Razer DeathAdder,28x22x5 cm,High-quality Razer DeathAdder. Perfect for everyday use.,PLN049616
SN499582236,iPad Air 5 Lite,39x8x6 cm,High-quality iPad Air 5. Perfect for everyday use.,PLN039411
SN220134083,Samsung Galaxy Tab S9,38x29x9 cm,High-quality Samsung Galaxy Tab S9. Perfect for everyday use.,PLN031094
SN642026297,Razer DeathAdder Pro,29x14x5 cm,High-quality Razer DeathAdder. Perfect for everyday use.,PLN017798
SN865402752,Samsung Galaxy S24,40x15x9 cm,High-quality Samsung Galaxy S24. Perfect for everyday use.,PLN015238
SN620580236,"LG OLED 55"" SE",33x10x8 cm,"High-quality LG OLED 55"". Perfect for everyday use.",PLN027362
SN893597685,Samsung T7 SSD,22x20x6 cm,High-quality Samsung T7 SSD. Perfect for everyday use.,PLN037251
SN230709673,MacBook Pro 14,32x27x10 cm,High-quality MacBook Pro 14. Perfect for everyday use.,PLN033530
SN887800374,ASUS ROG Monitor,29x21x9 cm,High-quality ASUS ROG Monitor. Perfect for everyday use.,PLN036736
SN564828977,Samsung Galaxy S24,32x23x4 cm,High-quality Samsung Galaxy S24. Perfect for everyday use.,PLN029067
SN542985542,Nespresso Vertuo Lite,38x19x5 cm,High-quality Nespresso Vertuo. Perfect for everyday use.,PLN043058
SN637219857,ASUS ZenBook 14 Plus,10x21x9 cm,High-quality ASUS ZenBook 14. Perfect for everyday use.,PLN012924
SN740090397,Garmin Fenix 7 Pro,10x11x5 cm,High-quality Garmin Fenix 7. Perfect for everyday use.,PLN045334
SN376671582,AirPods Pro 2 Max,21x13x9 cm,High-quality AirPods Pro 2. Perfect for everyday use.,PLN026266
SN533909820,"LG OLED 55""",17x15x10 cm,"High-quality LG OLED 55"". Perfect for everyday use.",PLN006049
SN666033334,"Samsung 65"" QLED",36x9x10 cm,"High-quality Samsung 65"" QLED. Perfect for everyday use.",PLN003899
SN221438870,Nintendo Switch OLED,17x10x10 cm,High-quality Nintendo Switch OLED. Perfect for everyday use.,PLN036786
SN786527574,Xiaomi 14 Pro,17x28x4 cm,High-quality Xiaomi 14 Pro. Perfect for everyday use.,PLN006358
SN991858405,iPhone 15 Pro Pro,28x19x5 cm,High-quality iPhone 15 Pro. Perfect for everyday use.,PLN017195
SN660906951,ASUS ROG Monitor,22x9x8 cm,High-quality ASUS ROG Monitor. Perfect for everyday use.,PLN037534
SN417334625,AirPods Pro 2 Pro,23x20x5 cm,High-quality AirPods Pro 2. Perfect for everyday use.,PLN032282
SN879019991,ASUS ZenBook 14 Plus,26x18x6 cm,High-quality ASUS ZenBook 14. Perfect for everyday use.,PLN016104
SN183175424,"LG OLED 55""",16x13x9 cm,"High-quality LG OLED 55"". Perfect for everyday use.",PLN026665
SN981908498,Logitech MX Keys SE,30x17x10 cm,High-quality Logitech MX Keys. Perfect for everyday use.,PLN005338
SN677370211,iPad Air 5,12x16x10 cm,High-quality iPad Air 5. Perfect for everyday use.,PLN049819
SN843048303,PlayStation 5 Lite,15x10x2 cm,High-quality PlayStation 5. Perfect for everyday use.,PLN014026
SN200578794,Samsung Galaxy Tab S9,31x8x8 cm,High-quality Samsung Galaxy Tab S9. Perfect for everyday use.,PLN029998
SN347003545,Xbox Series X,39x18x3 cm,High-quality Xbox Series X. Perfect for everyday use.,PLN004089
SN192260453,"Samsung 65"" QLED",18x13x1 cm,"High-quality Samsung 65"" QLED. Perfect for everyday use.",PLN022345
SN216872612,iPhone 15 Pro Plus,24x20x3 cm,High-quality iPhone 15 Pro. Perfect for everyday use.,PLN042387
SN587274756,Nintendo Switch OLED,35x23x8 cm,High-quality Nintendo Switch OLED. Perfect for everyday use.,PLN007603
SN368400646,"Samsung 65"" QLED",14x20x9 cm,"High-quality Samsung 65"" QLED. Perfect for everyday use.",PLN024919
SN845331158,Dyson V15,39x24x10 cm,High-quality Dyson V15. Perfect for everyday use.,PLN024649
SN872708851,Samsung Galaxy Tab S9,37x16x2 cm,High-quality Samsung Galaxy Tab S9. Perfect for everyday use.,PLN007772
SN317268943,Dell XPS 15 Ultra,25x22x1 cm,High-quality Dell XPS 15. Perfect for everyday use.,PLN009602
SN740743966,ASUS ROG Monitor,14x18x10 cm,High-quality ASUS ROG Monitor. Perfect for everyday use.,PLN047437
SN931865605,Samsung Galaxy S24,33x6x4 cm,High-quality Samsung Galaxy S24. Perfect for everyday use.,PLN042272
SN330705481,iPhone 15 Pro Standard,35x17x6 cm,High-quality iPhone 15 Pro. Perfect for everyday use.,PLN005446
SN491310430,Sony Alpha 7IV,40x24x6 cm,High-quality Sony Alpha 7IV. Perfect for everyday use.,PLN020213
SN582656385,Nespresso Vertuo Max,36x29x9 cm,High-quality Nespresso Vertuo. Perfect for everyday use.,PLN016874
SN969298774,AirPods Pro 2,30x11x4 cm,High-quality AirPods Pro 2. Perfect for everyday use.,PLN029594
SN857386759,AirPods Pro 2,27x27x2 cm,High-quality AirPods Pro 2. Perfect for everyday use.,PLN042125
SN467188182,JBL Flip 6 Standard,18x14x6 cm,High-quality JBL Flip 6. Perfect for everyday use.,PLN038136
SN523665265,DJI Mini 4 Pro,21x25x7 cm,High-quality DJI Mini 4 Pro. Perfect for everyday use.,PLN027366
SN702457218,ASUS ZenBook 14,40x26x1 cm,High-quality ASUS ZenBook 14. Perfect for everyday use.,PLN034873
SN559456115,Samsung Galaxy S24,15x22x6 cm,High-quality Samsung Galaxy S24. Perfect for everyday use.,PLN043777
SN337978990,Kindle Paperwhite,16x26x2 cm,High-quality Kindle Paperwhite. Perfect for everyday use.,PLN021692
SN440094033,PlayStation 5,12x20x8 cm,High-quality PlayStation 5. Perfect for everyday use.,PLN044112
SN979402423,AirPods Pro 2,17x22x9 cm,High-quality AirPods Pro 2. Perfect for everyday use.,PLN018216
SN473919935,MacBook Pro 14 Standard,40x21x10 cm,High-quality MacBook Pro 14. Perfect for everyday use.,PLN003268
SN717399631,ASUS ROG Monitor Max,15x9x5 cm,High-quality ASUS ROG Monitor. Perfect for everyday use.,PLN011886
SN530188359,Samsung T7 SSD Max,12x5x3 cm,High-quality Samsung T7 SSD. Perfect for everyday use.,PLN043004
SN315607414,Epson L3250 Lite,25x22x7 cm,High-quality Epson L3250. Perfect for everyday use.,PLN008266
SN641197164,Samsung Galaxy S24 Plus,33x24x5 cm,High-quality Samsung Galaxy S24. Perfect for everyday use.,PLN023931
SN917923887,Samsung Galaxy S24 Plus,40x8x5 cm,High-quality Samsung Galaxy S24. Perfect for everyday use.,PLN031284
SN598888943,iPad Air 5 Max,20x9x1 cm,High-quality iPad Air 5. Perfect for everyday use.,PLN006656
SN791504116,iPhone 15 Pro,32x24x1 cm,High-quality iPhone 15 Pro. Perfect for everyday use.,PLN003640
SN821739242,"Samsung 65"" QLED",24x21x8 cm,"High-quality Samsung 65"" QLED. Perfect for everyday use.",PLN008152
SN792152709,Samsung Galaxy S24 Plus,14x25x6 cm,High-quality Samsung Galaxy S24. Perfect for everyday use.,PLN023545
SN678390102,AirPods Pro 2,21x6x6 cm,High-quality AirPods Pro 2. Perfect for everyday use.,PLN024523
SN826253352,Sony WH-1000XM5,17x25x3 cm,High-quality Sony WH-1000XM5. Perfect for everyday use.,PLN035368
SN517175749,MacBook Pro 14 Ultra,26x25x5 cm,High-quality MacBook Pro 14. Perfect for everyday use.,PLN012809
SN107872186,Apple Watch Series 9,18x28x6 cm,High-quality Apple Watch Series 9. Perfect for everyday use.,PLN009178
SN855339761,Xiaomi 14 Pro Lite,22x21x10 cm,High-quality Xiaomi 14 Pro. Perfect for everyday use.,PLN047499
SN283104589,iPad Air 5 Lite,10x23x7 cm,High-quality iPad Air 5. Perfect for everyday use.,PLN033889
SN428985769,DJI Mini 4 Pro Ultra,28x20x6 cm,High-quality DJI Mini 4 Pro. Perfect for everyday use.,PLN002756
SN969846892,ASUS ROG Monitor,11x15x2 cm,High-quality ASUS ROG Monitor. Perfect for everyday use.,PLN026985
SN849124182,Xbox Series X Lite,13x8x5 cm,High-quality Xbox Series X. Perfect for everyday use.,PLN042258
SN195468521,Kindle Paperwhite Standard,22x11x2 cm,High-quality Kindle Paperwhite. Perfect for everyday use.,PLN010069
SN536749869,PlayStation 5,20x16x1 cm,High-quality PlayStation 5. Perfect for everyday use.,PLN034349
SN195209218,Samsung Galaxy S24 Ultra,18x21x2 cm,High-quality Samsung Galaxy S24. Perfect for everyday use.,PLN005739
SN774308762,ASUS ROG Monitor Pro,16x15x4 cm,High-quality ASUS ROG Monitor. Perfect for everyday use.,PLN020308
SN518677347,Epson L3250 Lite,21x7x8 cm,High-quality Epson L3250. Perfect for everyday use.,PLN006754
SN939060325,Samsung Galaxy S24,16x7x1 cm,High-quality Samsung Galaxy S24. Perfect for everyday use.,PLN011762
SN900831154,Dell XPS 15 Pro,15x16x2 cm,High-quality Dell XPS 15. Perfect for everyday use.,PLN004175
SN318381219,DJI Mini 4 Pro,28x21x10 cm,High-quality DJI Mini 4 Pro. Perfect for everyday use.,PLN033415
SN437039174,Nintendo Switch OLED Standard,10x7x10 cm,High-quality Nintendo Switch OLED. Perfect for everyday use.,PLN037462
SN795636897,GoPro Hero 12,29x6x10 cm,High-quality GoPro Hero 12. Perfect for everyday use.,PLN018379
SN412404895,Nintendo Switch OLED SE,32x27x6 cm,High-quality Nintendo Switch OLED. Perfect for everyday use.,PLN028479
SN716144599,Nespresso Vertuo Lite,11x19x10 cm,High-quality Nespresso Vertuo. Perfect for everyday use.,PLN026522
SN767048890,iPhone 15 Pro,18x20x10 cm,High-quality iPhone 15 Pro. Perfect for everyday use.,PLN024379
SN698611742,JBL Flip 6 Standard,39x22x10 cm,High-quality JBL Flip 6. Perfect for everyday use.,PLN017989
SN565884131,Xiaomi 14 Pro,19x22x3 cm,High-quality Xiaomi 14 Pro. Perfect for everyday use.,PLN047502
SN439312322,Razer DeathAdder,17x14x2 cm,High-quality Razer DeathAdder. Perfect for everyday use.,PLN029904
SN145305462,DJI Mini 4 Pro,30x6x2 cm,High-quality DJI Mini 4 Pro. Perfect for everyday use.,PLN022965
SN913674168,GoPro Hero 12 Pro,22x14x3 cm,High-quality GoPro Hero 12. Perfect for everyday use.,PLN032599
SN839032248,ASUS ROG Monitor,28x5x10 cm,High-quality ASUS ROG Monitor. Perfect for everyday use.,PLN019674
SN687360638,ASUS ZenBook 14 Pro,22x5x3 cm,High-quality ASUS ZenBook 14. Perfect for everyday use.,PLN013744
SN713459412,ASUS ROG Monitor,18x23x1 cm,High-quality ASUS ROG Monitor. Perfect for everyday use.,PLN028618
SN416395000,iPad Air 5 Max,34x15x1 cm,High-quality iPad Air 5. Perfect for everyday use.,PLN025721
SN450937505,Sony Alpha 7IV,30x27x2 cm,High-quality Sony Alpha 7IV. Perfect for everyday use.,PLN044283
SN363898064,Canon EOS R50,39x23x3 cm,High-quality Canon EOS R50. Perfect for everyday use.,PLN002409
SN857805222,Samsung Galaxy S24 Plus,25x19x8 cm,High-quality Samsung Galaxy S24. Perfect for everyday use.,PLN038314
SN165621030,DJI Mini 4 Pro Max,33x14x3 cm,High-quality DJI Mini 4 Pro. Perfect for everyday use.,PLN038078
SN108659784,Dyson V15,21x30x4 cm,High-quality Dyson V15. Perfect for everyday use.,PLN041986
SN150025140,Apple Watch Series 9,15x24x5 cm,High-quality Apple Watch Series 9. Perfect for everyday use.,PLN014626
SN205427461,Samsung T7 SSD Max,32x27x9 cm,High-quality Samsung T7 SSD. Perfect for everyday use.,PLN028726
SN529115820,JBL Flip 6 Max,29x28x4 cm,High-quality JBL Flip 6. Perfect for everyday use.,PLN037802
SN959158456,ASUS ROG Monitor,39x10x4 cm,High-quality ASUS ROG Monitor. Perfect for everyday use.,PLN010360
SN383562770,PlayStation 5,22x8x4 cm,High-quality PlayStation 5. Perfect for everyday use.,PLN021385
SN745580353,Samsung Galaxy S24,21x10x2 cm,High-quality Samsung Galaxy S24. Perfect for everyday use.,PLN010704
SN678843958,"LG OLED 55"" Max",10x19x7 cm,"High-quality LG OLED 55"". Perfect for everyday use.",PLN013911
SN864946527,Epson L3250 Standard,36x7x7 cm,High-quality Epson L3250. Perfect for everyday use.,PLN034108
SN482256697,Samsung Galaxy Tab S9 SE,32x6x4 cm,High-quality Samsung Galaxy Tab S9. Perfect for everyday use.,PLN020590
SN604401434,Kindle Paperwhite Max,25x27x1 cm,High-quality Kindle Paperwhite. Perfect for everyday use.,PLN025042
SN448493346,Nintendo Switch OLED,34x16x7 cm,High-quality Nintendo Switch OLED. Perfect for everyday use.,PLN017638
SN820395066,iPad Air 5,21x24x10 cm,High-quality iPad Air 5. Perfect for everyday use.,PLN048584
SN737697223,Xbox Series X,36x21x2 cm,High-quality Xbox Series X. Perfect for everyday use.,PLN000074
SN413488676,iPhone 15 Pro,16x25x4 cm,High-quality iPhone 15 Pro. Perfect for everyday use.,PLN017151
SN719847013,PlayStation 5,30x7x9 cm,High-quality PlayStation 5. Perfect for everyday use.,PLN033507
SN893501373,PlayStation 5 Plus,32x13x3 cm,High-quality PlayStation 5. Perfect for everyday use.,PLN041299
SN633958937,Dell XPS 15 Standard,25x21x6 cm,High-quality Dell XPS 15. Perfect for everyday use.,PLN025439
SN729076620,PlayStation 5,37x28x3 cm,High-quality PlayStation 5. Perfect for everyday use.,PLN032739
SN260128874,"Samsung 65"" QLED",33x26x7 cm,"High-quality Samsung 65"" QLED. Perfect for everyday use.",PLN037917
SN505225906,Dyson V15 Ultra,13x11x2 cm,High-quality Dyson V15. Perfect for everyday use.,PLN011215
SN177318104,Samsung Galaxy S24,15x18x5 cm,High-quality Samsung Galaxy S24. Perfect for everyday use.,PLN018632
SN948289563,Dyson V15 Ultra,10x24x4 cm,High-quality Dyson V15. Perfect for everyday use.,PLN034068
SN373736058,Xiaomi 14 Pro SE,37x24x5 cm,High-quality Xiaomi 14 Pro. Perfect for everyday use.,PLN030209
SN779724559,JBL Flip 6 Lite,38x14x9 cm,High-quality JBL Flip 6. Perfect for everyday use.,PLN042328
SN998129936,iPad Air 5 Plus,24x19x5 cm,High-quality iPad Air 5. Perfect for everyday use.,PLN028441
SN650140502,Samsung Galaxy S24 Max,14x15x5 cm,High-quality Samsung Galaxy S24. Perfect for everyday use.,PLN035632
SN709994661,Epson L3250 SE,29x12x8 cm,High-quality Epson L3250. Perfect for everyday use.,PLN020628
SN583977259,Samsung T7 SSD,19x18x7 cm,High-quality Samsung T7 SSD. Perfect for everyday use.,PLN021602
SN199281160,Samsung Galaxy Tab S9,17x14x9 cm,High-quality Samsung Galaxy Tab S9. Perfect for everyday use.,PLN014391
SN525794755,GoPro Hero 12 Ultra,40x24x8 cm,High-quality GoPro Hero 12. Perfect for everyday use.,PLN009589
SN951084598,iPhone 15 Pro Plus,29x9x10 cm,High-quality iPhone 15 Pro. Perfect for everyday use.,PLN010688
SN536937709,Dell XPS 15,25x15x6 cm,High-quality Dell XPS 15. Perfect for everyday use.,PLN033103
SN335487201,Garmin Fenix 7 Pro,31x30x8 cm,High-quality Garmin Fenix 7. Perfect for everyday use.,PLN009955
SN890576424,Canon EOS R50 SE,36x5x9 cm,High-quality Canon EOS R50. Perfect for everyday use.,PLN041795
SN813573213,Kindle Paperwhite,21x27x1 cm,High-quality Kindle Paperwhite. Perfect for everyday use.,PLN011360
SN277005077,AirPods Pro 2,26x25x6 cm,High-quality AirPods Pro 2. Perfect for everyday use.,PLN025842
SN581996629,Garmin Fenix 7,10x14x5 cm,High-quality Garmin Fenix 7. Perfect for everyday use.,PLN019973
SN950066499,Sony WH-1000XM5,14x15x2 cm,High-quality Sony WH-1000XM5. Perfect for everyday use.,PLN033562
SN871830436,Samsung T7 SSD Standard,27x30x10 cm,High-quality Samsung T7 SSD. Perfect for everyday use.,PLN013589
SN572081777,JBL Flip 6,35x8x4 cm,High-quality JBL Flip 6. Perfect for everyday use.,PLN039666
SN541958674,Nintendo Switch OLED,27x29x8 cm,High-quality Nintendo Switch OLED. Perfect for everyday use.,PLN033916
SN305068631,PlayStation 5,33x8x7 cm,High-quality PlayStation 5. Perfect for everyday use.,PLN018825
SN874314568,MacBook Pro 14 Max,25x10x9 cm,High-quality MacBook Pro 14. Perfect for everyday use.,PLN021751
SN380094439,Kindle Paperwhite SE,12x19x2 cm,High-quality Kindle Paperwhite. Perfect for everyday use.,PLN013264
SN847125665,Samsung T7 SSD,19x6x1 cm,High-quality Samsung T7 SSD. Perfect for everyday use.,PLN030435
SN722159521,iPad Air 5 Plus,31x24x4 cm,High-quality iPad Air 5. Perfect for everyday use.,PLN022080
SN266831295,GoPro Hero 12,19x16x3 cm,High-quality GoPro Hero 12. Perfect for everyday use.,PLN022327
SN981747735,Samsung T7 SSD Standard,13x27x4 cm,High-quality Samsung T7 SSD. Perfect for everyday use.,PLN015032
SN962343136,JBL Flip 6,11x10x8 cm,High-quality JBL Flip 6. Perfect for everyday use.,PLN022775
SN364788676,Epson L3250,22x29x1 cm,High-quality Epson L3250. Perfect for everyday use.,PLN030815
SN512749331,Canon EOS R50 Standard,27x14x10 cm,High-quality Canon EOS R50. Perfect for everyday use.,PLN001731
SN160213727,ASUS ROG Monitor,19x14x3 cm,High-quality ASUS ROG Monitor. Perfect for everyday use.,PLN010737
SN912404236,ASUS ROG Monitor,24x14x4 cm,High-quality ASUS ROG Monitor. Perfect for everyday use.,PLN035275
SN309419237,Samsung T7 SSD Plus,18x16x7 cm,High-quality Samsung T7 SSD. Perfect for everyday use.,PLN013527
SN189517299,"Samsung 65"" QLED Plus",12x22x8 cm,"High-quality Samsung 65"" QLED. Perfect for everyday use.",PLN021064
SN723750328,Xiaomi 14 Pro Lite,18x11x6 cm,High-quality Xiaomi 14 Pro. Perfect for everyday use.,PLN036881
SN468112910,Sony Alpha 7IV,34x19x3 cm,High-quality Sony Alpha 7IV. Perfect for everyday use.,PLN037098
SN950757919,MacBook Pro 14 Lite,23x10x5 cm,High-quality MacBook Pro 14. Perfect for everyday use.,PLN044838
SN445077710,Kindle Paperwhite,24x28x4 cm,High-quality Kindle Paperwhite. Perfect for everyday use.,PLN017960
SN524605360,Nintendo Switch OLED,39x13x3 cm,High-quality Nintendo Switch OLED. Perfect for everyday use.,PLN007554
SN207408299,GoPro Hero 12,16x26x8 cm,High-quality GoPro Hero 12. Perfect for everyday use.,PLN022315
SN120728263,Apple Watch Series 9,29x7x10 cm,High-quality Apple Watch Series 9. Perfect for everyday use.,PLN037226
SN451940918,Kindle Paperwhite,20x7x3 cm,High-quality Kindle Paperwhite. Perfect for everyday use.,PLN022813
SN795451595,iPad Air 5,31x22x9 cm,High-quality iPad Air 5. Perfect for everyday use.,PLN040802
SN347586346,PlayStation 5,34x6x8 cm,High-quality PlayStation 5. Perfect for everyday use.,PLN033167
SN844699387,GoPro Hero 12,17x11x1 cm,High-quality GoPro Hero 12. Perfect for everyday use.,PLN026754
SN190918539,Samsung T7 SSD,24x15x7 cm,High-quality Samsung T7 SSD. Perfect for everyday use.,PLN035154
SN796991801,Logitech MX Keys,18x6x6 cm,High-quality Logitech MX Keys. Perfect for everyday use.,PLN011010
SN405676613,Sony Alpha 7IV,32x5x10 cm,High-quality Sony Alpha 7IV. Perfect for everyday use.,PLN001424
SN465206668,GoPro Hero 12 Plus,39x15x3 cm,High-quality GoPro Hero 12. Perfect for everyday use.,PLN027273
SN617203631,Apple Watch Series 9,37x22x1 cm,High-quality Apple Watch Series 9. Perfect for everyday use.,PLN002230
SN672265732,AirPods Pro 2,35x18x6 cm,High-quality AirPods Pro 2. Perfect for everyday use.,PLN027819
SN649997821,Dyson V15,23x18x6 cm,High-quality Dyson V15. Perfect for everyday use.,PLN048655
SN861036702,Nintendo Switch OLED,25x16x1 cm,High-quality Nintendo Switch OLED. Perfect for everyday use.,PLN004149
SN671547696,Epson L3250,39x13x10 cm,High-quality Epson L3250. Perfect for everyday use.,PLN041896
SN802275983,Sony WH-1000XM5,22x17x6 cm,High-quality Sony WH-1000XM5. Perfect for everyday use.,PLN011104
SN887373055,Nintendo Switch OLED Ultra,16x22x2 cm,High-quality Nintendo Switch OLED. Perfect for everyday use.,PLN011898
SN501899897,iPhone 15 Pro,31x17x2 cm,High-quality iPhone 15 Pro. Perfect for everyday use.,PLN014286
SN816072298,GoPro Hero 12 Plus,12x24x10 cm,High-quality GoPro Hero 12. Perfect for everyday use.,PLN015873
SN843124891,Canon EOS R50,19x7x3 cm,High-quality Canon EOS R50. Perfect for everyday use.,PLN048848
SN222776132,MacBook Pro 14,33x11x5 cm,High-quality MacBook Pro 14. Perfect for everyday use.,PLN016924
SN708486928,Garmin Fenix 7 Standard,28x22x8 cm,High-quality Garmin Fenix 7. Perfect for everyday use.,PLN001149
SN951323988,iPhone 15 Pro,18x29x7 cm,High-quality iPhone 15 Pro. Perfect for everyday use.,PLN016066
SN451111930,GoPro Hero 12,29x20x4 cm,High-quality GoPro Hero 12. Perfect for everyday use.,PLN000598
SN391764613,Dyson V15 Plus,37x11x6 cm,High-quality Dyson V15. Perfect for everyday use.,PLN024537
SN440583982,Samsung Galaxy S24 Plus,35x19x8 cm,High-quality Samsung Galaxy S24. Perfect for everyday use.,PLN017712
SN688975627,Canon EOS R50,33x6x1 cm,High-quality Canon EOS R50. Perfect for everyday use.,PLN010639
SN932421306,Razer DeathAdder Pro,21x17x9 cm,High-quality Razer DeathAdder. Perfect for everyday use.,PLN041999
SN154661988,"LG OLED 55""",10x16x5 cm,"High-quality LG OLED 55"". Perfect for everyday use.",PLN000323
SN606024428,MacBook Pro 14 Plus,21x12x2 cm,High-quality MacBook Pro 14. Perfect for everyday use.,PLN043637
SN244058193,"Samsung 65"" QLED",32x10x2 cm,"High-quality Samsung 65"" QLED. Perfect for everyday use.",PLN041422
SN235881325,DJI Mini 4 Pro,38x19x5 cm,High-quality DJI Mini 4 Pro. Perfect for everyday use.,PLN036711
SN930461408,Epson L3250,37x19x7 cm,High-quality Epson L3250. Perfect for everyday use.,PLN034576
SN599944798,iPhone 15 Pro,25x26x10 cm,High-quality iPhone 15 Pro. Perfect for everyday use.,PLN000024
SN197482764,Xbox Series X Ultra,16x22x7 cm,High-quality Xbox Series X. Perfect for everyday use.,PLN030190
SN234427982,Samsung Galaxy Tab S9,22x12x8 cm,High-quality Samsung Galaxy Tab S9. Perfect for everyday use.,PLN013958
SN610887969,Samsung T7 SSD Ultra,37x11x8 cm,High-quality Samsung T7 SSD. Perfect for everyday use.,PLN008211
SN296845876,GoPro Hero 12,37x11x8 cm,High-quality GoPro Hero 12. Perfect for everyday use.,PLN035242
SN807669531,Garmin Fenix 7,34x17x9 cm,High-quality Garmin Fenix 7. Perfect for everyday use.,PLN034671
SN649483396,AirPods Pro 2 Lite,11x29x2 cm,High-quality AirPods Pro 2. Perfect for everyday use.,PLN027574
SN256249832,PlayStation 5,21x5x7 cm,High-quality PlayStation 5. Perfect for everyday use.,PLN022598
SN112078583,Sony WH-1000XM5,29x24x6 cm,High-quality Sony WH-1000XM5. Perfect for everyday use.,PLN030431
SN374898833,GoPro Hero 12 Ultra,28x15x4 cm,High-quality GoPro Hero 12. Perfect for everyday use.,PLN027717
SN816485950,Logitech MX Keys,39x18x5 cm,High-quality Logitech MX Keys. Perfect for everyday use.,PLN039036
SN417230497,Epson L3250,38x30x1 cm,High-quality Epson L3250. Perfect for everyday use.,PLN011128
SN549114691,Dyson V15 Max,38x7x8 cm,High-quality Dyson V15. Perfect for everyday use.,PLN021565
SN102699691,Epson L3250,21x17x10 cm,High-quality Epson L3250. Perfect for everyday use.,PLN018494
SN128940852,Canon EOS R50 Max,38x7x5 cm,High-quality Canon EOS R50. Perfect for everyday use.,PLN014444
SN737094972,Razer DeathAdder,16x26x9 cm,High-quality Razer DeathAdder. Perfect for everyday use.,PLN002340
SN496471435,Nintendo Switch OLED Max,23x19x6 cm,High-quality Nintendo Switch OLED. Perfect for everyday use.,PLN020601
SN321017052,GoPro Hero 12,17x8x5 cm,High-quality GoPro Hero 12. Perfect for everyday use.,PLN028147
SN942153709,Dyson V15,10x5x6 cm,High-quality Dyson V15. Perfect for everyday use.,PLN004486
SN809805780,iPhone 15 Pro,22x24x3 cm,High-quality iPhone 15 Pro. Perfect for everyday use.,PLN045997
SN514120577,Sony WH-1000XM5,15x8x4 cm,High-quality Sony WH-1000XM5. Perfect for everyday use.,PLN048100
SN721102069,PlayStation 5 Pro,39x20x4 cm,High-quality PlayStation 5. Perfect for everyday use.,PLN006106
SN895703049,iPhone 15 Pro,32x24x9 cm,High-quality iPhone 15 Pro. Perfect for everyday use.,PLN049792
SN388652429,Nintendo Switch OLED,10x8x5 cm,High-quality Nintendo Switch OLED. Perfect for everyday use.,PLN003445
SN614218554,iPhone 15 Pro,16x7x10 cm,High-quality iPhone 15 Pro. Perfect for everyday use.,PLN036216
SN759401387,Samsung Galaxy S24,25x23x8 cm,High-quality Samsung Galaxy S24. Perfect for everyday use.,PLN025188
SN929349708,Samsung T7 SSD,27x25x3 cm,High-quality Samsung T7 SSD. Perfect for everyday use.,PLN009284
SN936689478,Kindle Paperwhite,19x22x3 cm,High-quality Kindle Paperwhite. Perfect for everyday use.,PLN003925
SN284536129,Logitech MX Keys,19x13x6 cm,High-quality Logitech MX Keys. Perfect for everyday use.,PLN027293
SN781539371,Dyson V15 Pro,14x18x5 cm,High-quality Dyson V15. Perfect for everyday use.,PLN030909
SN252217115,iPhone 15 Pro,12x10x10 cm,High-quality iPhone 15 Pro. Perfect for everyday use.,PLN019263
SN440943734,Samsung Galaxy S24 Ultra,17x18x1 cm,High-quality Samsung Galaxy S24. Perfect for everyday use.,PLN002024
SN872706479,Nintendo Switch OLED,20x14x6 cm,High-quality Nintendo Switch OLED. Perfect for everyday use.,PLN019083
SN801325215,DJI Mini 4 Pro Standard,28x20x10 cm,High-quality DJI Mini 4 Pro. Perfect for everyday use.,PLN014971
SN580081326,MacBook Pro 14,27x27x10 cm,High-quality MacBook Pro 14. Perfect for everyday use.,PLN029487
SN206454189,Garmin Fenix 7,24x14x10 cm,High-quality Garmin Fenix 7. Perfect for everyday use.,PLN007877
SN480788867,ASUS ZenBook 14 Max,28x19x6 cm,High-quality ASUS ZenBook 14. Perfect for everyday use.,PLN041120
SN638236949,Samsung Galaxy S24 Lite,36x14x9 cm,High-quality Samsung Galaxy S24. Perfect for everyday use.,PLN009071
SN485415442,Dyson V15,23x11x10 cm,High-quality Dyson V15. Perfect for everyday use.,PLN012533
SN845534349,Logitech MX Keys Standard,24x23x6 cm,High-quality Logitech MX Keys. Perfect for everyday use.,PLN019375
SN623387452,JBL Flip 6,13x13x6 cm,High-quality JBL Flip 6. Perfect for everyday use.,PLN006366
SN451412713,Sony WH-1000XM5 Lite,17x12x3 cm,High-quality Sony WH-1000XM5. Perfect for everyday use.,PLN020196
SN271734574,Logitech MX Keys,29x19x4 cm,High-quality Logitech MX Keys. Perfect for everyday use.,PLN036937
SN514364411,Logitech MX Keys Plus,30x11x1 cm,High-quality Logitech MX Keys. Perfect for everyday use.,PLN044592
SN932831232,JBL Flip 6,40x26x8 cm,High-quality JBL Flip 6. Perfect for everyday use.,PLN036953
SN340169401,"LG OLED 55"" Standard",16x16x7 cm,"High-quality LG OLED 55"". Perfect for everyday use.",PLN025139
SN359448982,Logitech MX Keys Standard,33x12x5 cm,High-quality Logitech MX Keys. Perfect for everyday use.,PLN000278
SN746280719,AirPods Pro 2 Lite,17x30x4 cm,High-quality AirPods Pro 2. Perfect for everyday use.,PLN008389
SN411737672,Dell XPS 15,17x19x3 cm,High-quality Dell XPS 15. Perfect for everyday use.,PLN038901
SN782915645,Sony Alpha 7IV Ultra,14x29x5 cm,High-quality Sony Alpha 7IV. Perfect for everyday use.,PLN007424
SN187878054,AirPods Pro 2 Pro,38x27x9 cm,High-quality AirPods Pro 2. Perfect for everyday use.,PLN041165
SN915052732,ASUS ROG Monitor Max,25x25x10 cm,High-quality ASUS ROG Monitor. Perfect for everyday use.,PLN047364
SN837779943,Samsung Galaxy Tab S9,12x5x5 cm,High-quality Samsung Galaxy Tab S9. Perfect for everyday use.,PLN025136
SN174333043,Samsung Galaxy S24,10x15x10 cm,High-quality Samsung Galaxy S24. Perfect for everyday use.,PLN022536
SN982769541,Xbox Series X,35x13x8 cm,High-quality Xbox Series X. Perfect for everyday use.,PLN043862
SN512974792,Sony WH-1000XM5,12x27x2 cm,High-quality Sony WH-1000XM5. Perfect for everyday use.,PLN016507
SN810852223,Nintendo Switch OLED Ultra,38x16x2 cm,High-quality Nintendo Switch OLED. Perfect for everyday use.,PLN032934
SN279191022,Samsung Galaxy S24 Plus,18x14x9 cm,High-quality Samsung Galaxy S24. Perfect for everyday use.,PLN036574
SN384722185,Sony WH-1000XM5 SE,28x26x2 cm,High-quality Sony WH-1000XM5. Perfect for everyday use.,PLN010255
SN250916792,Epson L3250,13x18x10 cm,High-quality Epson L3250. Perfect for everyday use.,PLN029618
SN798128984,Nespresso Vertuo,21x7x7 cm,High-quality Nespresso Vertuo. Perfect for everyday use.,PLN039561
SN462198422,Nintendo Switch OLED,24x15x9 cm,High-quality Nintendo Switch OLED. Perfect for everyday use.,PLN018680
SN581780028,Dell XPS 15 Standard,28x19x1 cm,High-quality Dell XPS 15. Perfect for everyday use.,PLN030477
SN697431959,Samsung T7 SSD Standard,33x19x8 cm,High-quality Samsung T7 SSD. Perfect for everyday use.,PLN010775
SN245747056,Kindle Paperwhite,11x26x2 cm,High-quality Kindle Paperwhite. Perfect for everyday use.,PLN037470
SN521440835,Samsung T7 SSD SE,30x9x1 cm,High-quality Samsung T7 SSD. Perfect for everyday use.,PLN041454
SN513174482,"Samsung 65"" QLED Pro",12x21x10 cm,"High-quality Samsung 65"" QLED. Perfect for everyday use.",PLN027607
SN749920474,DJI Mini 4 Pro Lite,23x28x1 cm,High-quality DJI Mini 4 Pro. Perfect for everyday use.,PLN033148
SN741620161,iPad Air 5,13x8x8 cm,High-quality iPad Air 5. Perfect for everyday use.,PLN005874
SN478317077,Nintendo Switch OLED,39x24x4 cm,High-quality Nintendo Switch OLED. Perfect for everyday use.,PLN037235
SN924382741,ASUS ROG Monitor,28x17x7 cm,High-quality ASUS ROG Monitor. Perfect for everyday use.,PLN004140
SN858537368,GoPro Hero 12,36x27x10 cm,High-quality GoPro Hero 12. Perfect for everyday use.,PLN040599
SN115075284,"LG OLED 55""",36x23x7 cm,"High-quality LG OLED 55"". Perfect for everyday use.",PLN049958
SN990183057,Dyson V15,34x25x6 cm,High-quality Dyson V15. Perfect for everyday use.,PLN009541
SN286516717,Dell XPS 15,31x12x3 cm,High-quality Dell XPS 15. Perfect for everyday use.,PLN027321
SN481182921,MacBook Pro 14,31x25x8 cm,High-quality MacBook Pro 14. Perfect for everyday use.,PLN006199
SN397471112,Dyson V15 Max,39x13x9 cm,High-quality Dyson V15. Perfect for everyday use.,PLN035801
SN613878032,iPhone 15 Pro,13x15x2 cm,High-quality iPhone 15 Pro. Perfect for everyday use.,PLN016441
SN384832300,Samsung T7 SSD,22x24x7 cm,High-quality Samsung T7 SSD. Perfect for everyday use.,PLN004691
SN296937629,Logitech MX Keys,22x7x7 cm,High-quality Logitech MX Keys. Perfect for everyday use.,PLN048042
SN400252034,iPhone 15 Pro,25x17x8 cm,High-quality iPhone 15 Pro. Perfect for everyday use.,PLN013928
SN144155421,GoPro Hero 12,29x12x4 cm,High-quality GoPro Hero 12. Perfect for everyday use.,PLN016458
SN344312828,Dell XPS 15,22x27x7 cm,High-quality Dell XPS 15. Perfect for everyday use.,PLN020615
SN301736497,MacBook Pro 14,40x11x8 cm,High-quality MacBook Pro 14. Perfect for everyday use.,PLN013455
SN415097547,Logitech MX Keys Ultra,29x27x6 cm,High-quality Logitech MX Keys. Perfect for everyday use.,PLN007287
SN740174239,Canon EOS R50 Plus,12x20x5 cm,High-quality Canon EOS R50. Perfect for everyday use.,PLN036316
SN735746224,Sony WH-1000XM5 Max,20x19x2 cm,High-quality Sony WH-1000XM5. Perfect for everyday use.,PLN016663
SN895435051,Samsung Galaxy Tab S9 Pro,28x6x4 cm,High-quality Samsung Galaxy Tab S9. Perfect for everyday use.,PLN048090
SN140875226,iPhone 15 Pro,15x14x10 cm,High-quality iPhone 15 Pro. Perfect for everyday use.,PLN018228
SN533973928,ASUS ZenBook 14 Standard,32x13x2 cm,High-quality ASUS ZenBook 14. Perfect for everyday use.,PLN011183
SN778002778,Epson L3250 Standard,22x5x7 cm,High-quality Epson L3250. Perfect for everyday use.,PLN023872
SN626162768,Dyson V15,39x12x2 cm,High-quality Dyson V15. Perfect for everyday use.,PLN020456
SN739298737,Samsung Galaxy S24 Lite,30x22x4 cm,High-quality Samsung Galaxy S24. Perfect for everyday use.,PLN037064
SN474720196,PlayStation 5,11x18x3 cm,High-quality PlayStation 5. Perfect for everyday use.,PLN006134
SN880337248,iPad Air 5 Plus,20x10x9 cm,High-quality iPad Air 5. Perfect for everyday use.,PLN014793
SN646976463,Epson L3250,28x29x1 cm,High-quality Epson L3250. Perfect for everyday use.,PLN015467
