Refund_Payment_ID,Refund_Payment_Method,Refund_ID
RPY000001,Cash Refund,RFD001597
RPY000002,Cash Refund,RFD001395
RPY000003,Cash Refund,RFD000174
RPY000004,Bank Transfer,RFD000934
RPY000005,Original Payment Method,RFD001440
RPY000006,Bank Transfer,RFD000305
RPY000007,Store Credit,RFD001630
RPY000008,Cash Refund,RFD001462
RPY000009,Store Credit,RFD000570
RPY000010,Bank Transfer,RFD001951
RPY000011,Store Credit,RFD000659
RPY000012,Credit Card Reversal,RFD000155
RPY000013,Cash Refund,RFD000823
RPY000014,Cash Refund,RFD000284
RPY000015,Credit Card Reversal,RFD001898
RPY000016,Bank Transfer,RFD001155
RPY000017,Original Payment Method,RFD001310
RPY000018,Store Credit,RFD001002
RPY000019,Bank Transfer,RFD000165
RPY000020,Original Payment Method,RFD000860
RPY000021,Cash Refund,RFD001604
RPY000022,Cash Refund,RFD000734
RPY000023,Store Credit,RFD001586
RPY000024,Bank Transfer,RFD001783
RPY000025,Original Payment Method,RFD000374
RPY000026,Store Credit,RFD000967
RPY000027,Cash Refund,RFD000515
RPY000028,Cash Refund,RFD001188
RPY000029,Credit Card Reversal,RFD000492
RPY000030,Credit Card Reversal,RFD000033
RPY000031,Bank Transfer,RFD000644
RPY000032,Store Credit,RFD001339
RPY000033,Store Credit,RFD001390
RPY000034,Original Payment Method,RFD000082
RPY000035,Original Payment Method,RFD000125
RPY000036,Credit Card Reversal,RFD000427
RPY000037,Original Payment Method,RFD001451
RPY000038,Cash Refund,RFD001341
RPY000039,Original Payment Method,RFD000853
RPY000040,Credit Card Reversal,RFD000577
RPY000041,Store Credit,RFD001116
RPY000042,Cash Refund,RFD001600
RPY000043,Bank Transfer,RFD000732
RPY000044,Original Payment Method,RFD001019
RPY000045,Credit Card Reversal,RFD000631
RPY000046,Cash Refund,RFD001628
RPY000047,Bank Transfer,RFD001373
RPY000048,Store Credit,RFD001719
RPY000049,Original Payment Method,RFD000478
RPY000050,Original Payment Method,RFD000160
RPY000051,Credit Card Reversal,RFD000712
RPY000052,Store Credit,RFD000807
RPY000053,Bank Transfer,RFD000910
RPY000054,Cash Refund,RFD001076
RPY000055,Store Credit,RFD001959
RPY000056,Cash Refund,RFD000912
RPY000057,Store Credit,RFD001660
RPY000058,Credit Card Reversal,RFD001491
RPY000059,Store Credit,RFD000765
RPY000060,Store Credit,RFD000467
RPY000061,Store Credit,RFD000650
RPY000062,Credit Card Reversal,RFD001434
RPY000063,Bank Transfer,RFD001041
RPY000064,Original Payment Method,RFD001315
RPY000065,Original Payment Method,RFD001411
RPY000066,Cash Refund,RFD000573
RPY000067,Cash Refund,RFD001659
RPY000068,Credit Card Reversal,RFD000670
RPY000069,Cash Refund,RFD000236
RPY000070,Store Credit,RFD000049
RPY000071,Original Payment Method,RFD000916
RPY000072,Credit Card Reversal,RFD000172
RPY000073,Credit Card Reversal,RFD000258
RPY000074,Store Credit,RFD000236
RPY000075,Bank Transfer,RFD000911
RPY000076,Cash Refund,RFD001763
RPY000077,Credit Card Reversal,RFD001670
RPY000078,Credit Card Reversal,RFD000892
RPY000079,Original Payment Method,RFD001754
RPY000080,Bank Transfer,RFD000611
RPY000081,Store Credit,RFD001393
RPY000082,Credit Card Reversal,RFD000103
RPY000083,Cash Refund,RFD001359
RPY000084,Original Payment Method,RFD000503
RPY000085,Bank Transfer,RFD000034
RPY000086,Credit Card Reversal,RFD000513
RPY000087,Original Payment Method,RFD001334
RPY000088,Store Credit,RFD000491
RPY000089,Bank Transfer,RFD000314
RPY000090,Cash Refund,RFD000142
RPY000091,Store Credit,RFD001460
RPY000092,Bank Transfer,RFD000543
RPY000093,Original Payment Method,RFD000516
RPY000094,Store Credit,RFD000034
RPY000095,Bank Transfer,RFD000104
RPY000096,Original Payment Method,RFD000607
RPY000097,Bank Transfer,RFD001422
RPY000098,Cash Refund,RFD001551
RPY000099,Bank Transfer,RFD001406
RPY000100,Credit Card Reversal,RFD001695
RPY000101,Bank Transfer,RFD000816
RPY000102,Bank Transfer,RFD001412
RPY000103,Credit Card Reversal,RFD000100
RPY000104,Bank Transfer,RFD000524
RPY000105,Cash Refund,RFD000908
RPY000106,Cash Refund,RFD000128
RPY000107,Credit Card Reversal,RFD000196
RPY000108,Original Payment Method,RFD000061
RPY000109,Credit Card Reversal,RFD000814
RPY000110,Cash Refund,RFD001225
RPY000111,Original Payment Method,RFD000438
RPY000112,Credit Card Reversal,RFD000003
RPY000113,Bank Transfer,RFD001443
RPY000114,Credit Card Reversal,RFD000868
RPY000115,Store Credit,RFD001613
RPY000116,Cash Refund,RFD001984
RPY000117,Store Credit,RFD001308
RPY000118,Original Payment Method,RFD000704
RPY000119,Cash Refund,RFD001707
RPY000120,Credit Card Reversal,RFD000658
RPY000121,Original Payment Method,RFD000001
RPY000122,Original Payment Method,RFD000754
RPY000123,Bank Transfer,RFD000022
RPY000124,Cash Refund,RFD000962
RPY000125,Credit Card Reversal,RFD000720
RPY000126,Original Payment Method,RFD001283
RPY000127,Credit Card Reversal,RFD000251
RPY000128,Credit Card Reversal,RFD001180
RPY000129,Credit Card Reversal,RFD000730
RPY000130,Store Credit,RFD000899
RPY000131,Original Payment Method,RFD001035
RPY000132,Bank Transfer,RFD000160
RPY000133,Original Payment Method,RFD000089
RPY000134,Store Credit,RFD000168
RPY000135,Credit Card Reversal,RFD001711
RPY000136,Original Payment Method,RFD000525
RPY000137,Store Credit,RFD000837
RPY000138,Cash Refund,RFD000168
RPY000139,Store Credit,RFD001441
RPY000140,Cash Refund,RFD001130
RPY000141,Cash Refund,RFD001851
RPY000142,Store Credit,RFD001191
RPY000143,Credit Card Reversal,RFD001129
RPY000144,Credit Card Reversal,RFD001729
RPY000145,Credit Card Reversal,RFD001835
RPY000146,Original Payment Method,RFD001571
RPY000147,Bank Transfer,RFD000089
RPY000148,Credit Card Reversal,RFD001237
RPY000149,Original Payment Method,RFD000216
RPY000150,Cash Refund,RFD000944
RPY000151,Store Credit,RFD001849
RPY000152,Bank Transfer,RFD001705
RPY000153,Store Credit,RFD001630
RPY000154,Store Credit,RFD000734
RPY000155,Cash Refund,RFD000338
RPY000156,Bank Transfer,RFD000947
RPY000157,Bank Transfer,RFD000041
RPY000158,Bank Transfer,RFD001327
RPY000159,Original Payment Method,RFD000812
RPY000160,Credit Card Reversal,RFD000279
RPY000161,Cash Refund,RFD000833
RPY000162,Store Credit,RFD000839
RPY000163,Cash Refund,RFD000491
RPY000164,Original Payment Method,RFD000011
RPY000165,Bank Transfer,RFD001639
RPY000166,Cash Refund,RFD001923
RPY000167,Store Credit,RFD001405
RPY000168,Bank Transfer,RFD001817
RPY000169,Cash Refund,RFD000627
RPY000170,Credit Card Reversal,RFD000254
RPY000171,Credit Card Reversal,RFD000644
RPY000172,Bank Transfer,RFD001341
RPY000173,Store Credit,RFD000139
RPY000174,Original Payment Method,RFD000157
RPY000175,Original Payment Method,RFD000534
RPY000176,Credit Card Reversal,RFD000869
RPY000177,Store Credit,RFD000236
RPY000178,Credit Card Reversal,RFD001482
RPY000179,Cash Refund,RFD000101
RPY000180,Store Credit,RFD000991
RPY000181,Bank Transfer,RFD001886
RPY000182,Credit Card Reversal,RFD001639
RPY000183,Original Payment Method,RFD001359
RPY000184,Store Credit,RFD000218
RPY000185,Credit Card Reversal,RFD001660
RPY000186,Store Credit,RFD001746
RPY000187,Bank Transfer,RFD000722
RPY000188,Cash Refund,RFD000427
RPY000189,Bank Transfer,RFD001146
RPY000190,Credit Card Reversal,RFD001615
RPY000191,Cash Refund,RFD000083
RPY000192,Original Payment Method,RFD000893
RPY000193,Original Payment Method,RFD000583
RPY000194,Bank Transfer,RFD001648
RPY000195,Credit Card Reversal,RFD001032
RPY000196,Store Credit,RFD000722
RPY000197,Original Payment Method,RFD000045
RPY000198,Store Credit,RFD001979
RPY000199,Bank Transfer,RFD000565
RPY000200,Original Payment Method,RFD000354
RPY000201,Credit Card Reversal,RFD001066
RPY000202,Store Credit,RFD000477
RPY000203,Store Credit,RFD001786
RPY000204,Cash Refund,RFD000187
RPY000205,Bank Transfer,RFD000545
RPY000206,Cash Refund,RFD000440
RPY000207,Store Credit,RFD001901
RPY000208,Store Credit,RFD000533
RPY000209,Credit Card Reversal,RFD001464
RPY000210,Original Payment Method,RFD001363
RPY000211,Original Payment Method,RFD000300
RPY000212,Original Payment Method,RFD001875
RPY000213,Original Payment Method,RFD000269
RPY000214,Cash Refund,RFD000365
RPY000215,Credit Card Reversal,RFD001921
RPY000216,Cash Refund,RFD000054
RPY000217,Original Payment Method,RFD001508
RPY000218,Cash Refund,RFD001966
RPY000219,Cash Refund,RFD001279
RPY000220,Cash Refund,RFD000762
RPY000221,Bank Transfer,RFD000934
RPY000222,Credit Card Reversal,RFD000552
RPY000223,Bank Transfer,RFD000855
RPY000224,Store Credit,RFD001516
RPY000225,Credit Card Reversal,RFD000795
RPY000226,Store Credit,RFD000612
RPY000227,Store Credit,RFD000108
RPY000228,Store Credit,RFD000739
RPY000229,Cash Refund,RFD001035
RPY000230,Credit Card Reversal,RFD001247
RPY000231,Bank Transfer,RFD001451
RPY000232,Cash Refund,RFD000001
RPY000233,Cash Refund,RFD000538
RPY000234,Cash Refund,RFD000143
RPY000235,Credit Card Reversal,RFD000972
RPY000236,Original Payment Method,RFD001344
RPY000237,Cash Refund,RFD000754
RPY000238,Store Credit,RFD000909
RPY000239,Original Payment Method,RFD000758
RPY000240,Original Payment Method,RFD000273
RPY000241,Bank Transfer,RFD000612
RPY000242,Store Credit,RFD000195
RPY000243,Original Payment Method,RFD001750
RPY000244,Cash Refund,RFD001297
RPY000245,Cash Refund,RFD001401
RPY000246,Store Credit,RFD001525
RPY000247,Bank Transfer,RFD000800
RPY000248,Cash Refund,RFD001323
RPY000249,Bank Transfer,RFD001586
RPY000250,Original Payment Method,RFD000058
RPY000251,Cash Refund,RFD000123
RPY000252,Bank Transfer,RFD000504
RPY000253,Store Credit,RFD001978
RPY000254,Store Credit,RFD000763
RPY000255,Bank Transfer,RFD001904
RPY000256,Store Credit,RFD001855
RPY000257,Store Credit,RFD001197
RPY000258,Credit Card Reversal,RFD001482
RPY000259,Credit Card Reversal,RFD001883
RPY000260,Original Payment Method,RFD000128
RPY000261,Store Credit,RFD001044
RPY000262,Original Payment Method,RFD000562
RPY000263,Bank Transfer,RFD000535
RPY000264,Cash Refund,RFD000466
RPY000265,Credit Card Reversal,RFD001550
RPY000266,Cash Refund,RFD001191
RPY000267,Bank Transfer,RFD001629
RPY000268,Original Payment Method,RFD000190
RPY000269,Credit Card Reversal,RFD000593
RPY000270,Cash Refund,RFD001677
RPY000271,Original Payment Method,RFD000177
RPY000272,Store Credit,RFD001021
RPY000273,Credit Card Reversal,RFD000791
RPY000274,Original Payment Method,RFD000500
RPY000275,Credit Card Reversal,RFD000361
RPY000276,Cash Refund,RFD001712
RPY000277,Cash Refund,RFD000611
RPY000278,Original Payment Method,RFD001938
RPY000279,Bank Transfer,RFD000186
RPY000280,Bank Transfer,RFD000166
RPY000281,Cash Refund,RFD001522
RPY000282,Original Payment Method,RFD001551
RPY000283,Bank Transfer,RFD001312
RPY000284,Original Payment Method,RFD001358
RPY000285,Cash Refund,RFD000183
RPY000286,Bank Transfer,RFD000040
RPY000287,Cash Refund,RFD000727
RPY000288,Cash Refund,RFD001241
RPY000289,Store Credit,RFD000320
RPY000290,Cash Refund,RFD000062
RPY000291,Store Credit,RFD001694
RPY000292,Original Payment Method,RFD000737
RPY000293,Cash Refund,RFD000239
RPY000294,Bank Transfer,RFD000364
RPY000295,Original Payment Method,RFD001366
RPY000296,Original Payment Method,RFD000875
RPY000297,Original Payment Method,RFD000157
RPY000298,Original Payment Method,RFD001913
RPY000299,Bank Transfer,RFD000137
RPY000300,Credit Card Reversal,RFD000397
RPY000301,Cash Refund,RFD000162
RPY000302,Credit Card Reversal,RFD000836
RPY000303,Cash Refund,RFD000290
RPY000304,Original Payment Method,RFD001466
RPY000305,Store Credit,RFD000998
RPY000306,Cash Refund,RFD001106
RPY000307,Original Payment Method,RFD001794
RPY000308,Original Payment Method,RFD000512
RPY000309,Cash Refund,RFD001355
RPY000310,Original Payment Method,RFD001530
RPY000311,Credit Card Reversal,RFD000623
RPY000312,Bank Transfer,RFD001626
RPY000313,Original Payment Method,RFD001787
RPY000314,Credit Card Reversal,RFD001245
RPY000315,Store Credit,RFD000589
RPY000316,Original Payment Method,RFD000287
RPY000317,Cash Refund,RFD001866
RPY000318,Bank Transfer,RFD000624
RPY000319,Store Credit,RFD001711
RPY000320,Cash Refund,RFD001048
RPY000321,Bank Transfer,RFD001183
RPY000322,Original Payment Method,RFD000784
RPY000323,Bank Transfer,RFD001668
RPY000324,Store Credit,RFD001385
RPY000325,Original Payment Method,RFD001019
RPY000326,Cash Refund,RFD000342
RPY000327,Credit Card Reversal,RFD000587
RPY000328,Cash Refund,RFD000859
RPY000329,Store Credit,RFD000198
RPY000330,Bank Transfer,RFD000648
RPY000331,Bank Transfer,RFD001292
RPY000332,Original Payment Method,RFD000865
RPY000333,Bank Transfer,RFD000916
RPY000334,Original Payment Method,RFD001719
RPY000335,Store Credit,RFD000790
RPY000336,Bank Transfer,RFD001058
RPY000337,Bank Transfer,RFD000088
RPY000338,Original Payment Method,RFD000363
RPY000339,Original Payment Method,RFD000975
RPY000340,Cash Refund,RFD001293
RPY000341,Bank Transfer,RFD000478
RPY000342,Original Payment Method,RFD001540
RPY000343,Cash Refund,RFD001760
RPY000344,Credit Card Reversal,RFD001408
RPY000345,Credit Card Reversal,RFD000736
RPY000346,Store Credit,RFD001203
RPY000347,Original Payment Method,RFD001205
RPY000348,Cash Refund,RFD000108
RPY000349,Original Payment Method,RFD000758
RPY000350,Original Payment Method,RFD001416
RPY000351,Store Credit,RFD000773
RPY000352,Store Credit,RFD000045
RPY000353,Store Credit,RFD000110
RPY000354,Bank Transfer,RFD000202
RPY000355,Store Credit,RFD000077
RPY000356,Credit Card Reversal,RFD000083
RPY000357,Store Credit,RFD000783
RPY000358,Store Credit,RFD001871
RPY000359,Store Credit,RFD000547
RPY000360,Bank Transfer,RFD000609
RPY000361,Original Payment Method,RFD001303
RPY000362,Bank Transfer,RFD000791
RPY000363,Cash Refund,RFD001783
RPY000364,Credit Card Reversal,RFD001195
RPY000365,Store Credit,RFD000263
RPY000366,Cash Refund,RFD000816
RPY000367,Credit Card Reversal,RFD000739
RPY000368,Bank Transfer,RFD001021
RPY000369,Cash Refund,RFD001576
RPY000370,Bank Transfer,RFD000572
RPY000371,Store Credit,RFD000256
RPY000372,Credit Card Reversal,RFD000711
RPY000373,Cash Refund,RFD000245
RPY000374,Store Credit,RFD000975
RPY000375,Credit Card Reversal,RFD000999
RPY000376,Original Payment Method,RFD000757
RPY000377,Credit Card Reversal,RFD001764
RPY000378,Credit Card Reversal,RFD000969
RPY000379,Store Credit,RFD000509
RPY000380,Credit Card Reversal,RFD001542
RPY000381,Cash Refund,RFD001543
RPY000382,Store Credit,RFD001396
RPY000383,Cash Refund,RFD000128
RPY000384,Bank Transfer,RFD000157
RPY000385,Credit Card Reversal,RFD000953
RPY000386,Original Payment Method,RFD001880
RPY000387,Credit Card Reversal,RFD001841
RPY000388,Credit Card Reversal,RFD000774
RPY000389,Credit Card Reversal,RFD001366
RPY000390,Store Credit,RFD000238
RPY000391,Cash Refund,RFD000434
RPY000392,Bank Transfer,RFD001105
RPY000393,Credit Card Reversal,RFD001194
RPY000394,Cash Refund,RFD001626
RPY000395,Bank Transfer,RFD000357
RPY000396,Original Payment Method,RFD000198
RPY000397,Original Payment Method,RFD001361
RPY000398,Cash Refund,RFD001177
RPY000399,Store Credit,RFD001936
RPY000400,Store Credit,RFD001039
RPY000401,Bank Transfer,RFD000349
RPY000402,Cash Refund,RFD000305
RPY000403,Original Payment Method,RFD000331
RPY000404,Store Credit,RFD000233
RPY000405,Cash Refund,RFD000712
RPY000406,Credit Card Reversal,RFD001224
RPY000407,Credit Card Reversal,RFD000458
RPY000408,Cash Refund,RFD000521
RPY000409,Cash Refund,RFD001417
RPY000410,Cash Refund,RFD000191
RPY000411,Store Credit,RFD001395
RPY000412,Cash Refund,RFD001191
RPY000413,Credit Card Reversal,RFD000372
RPY000414,Store Credit,RFD001397
RPY000415,Bank Transfer,RFD001729
RPY000416,Store Credit,RFD001248
RPY000417,Original Payment Method,RFD000661
RPY000418,Credit Card Reversal,RFD000037
RPY000419,Cash Refund,RFD000940
RPY000420,Bank Transfer,RFD001073
RPY000421,Credit Card Reversal,RFD000705
RPY000422,Bank Transfer,RFD001289
RPY000423,Credit Card Reversal,RFD001921
RPY000424,Original Payment Method,RFD000290
RPY000425,Credit Card Reversal,RFD001912
RPY000426,Cash Refund,RFD001661
RPY000427,Original Payment Method,RFD000828
RPY000428,Store Credit,RFD001399
RPY000429,Credit Card Reversal,RFD001911
RPY000430,Credit Card Reversal,RFD001230
RPY000431,Bank Transfer,RFD000676
RPY000432,Cash Refund,RFD001625
RPY000433,Cash Refund,RFD001362
RPY000434,Credit Card Reversal,RFD000251
RPY000435,Cash Refund,RFD001156
RPY000436,Cash Refund,RFD000405
RPY000437,Original Payment Method,RFD000781
RPY000438,Store Credit,RFD001523
RPY000439,Store Credit,RFD000619
RPY000440,Bank Transfer,RFD001521
RPY000441,Bank Transfer,RFD001046
RPY000442,Original Payment Method,RFD001481
RPY000443,Bank Transfer,RFD001892
RPY000444,Bank Transfer,RFD000072
RPY000445,Store Credit,RFD001583
RPY000446,Store Credit,RFD000010
RPY000447,Credit Card Reversal,RFD001278
RPY000448,Bank Transfer,RFD001515
RPY000449,Bank Transfer,RFD000401
RPY000450,Original Payment Method,RFD001691
RPY000451,Bank Transfer,RFD000477
RPY000452,Store Credit,RFD000827
RPY000453,Cash Refund,RFD001227
RPY000454,Bank Transfer,RFD001495
RPY000455,Bank Transfer,RFD001799
RPY000456,Cash Refund,RFD001493
RPY000457,Credit Card Reversal,RFD001944
RPY000458,Bank Transfer,RFD000320
RPY000459,Store Credit,RFD000593
RPY000460,Credit Card Reversal,RFD001411
RPY000461,Credit Card Reversal,RFD000095
RPY000462,Bank Transfer,RFD001890
RPY000463,Credit Card Reversal,RFD000288
RPY000464,Bank Transfer,RFD000454
RPY000465,Store Credit,RFD001062
RPY000466,Credit Card Reversal,RFD001821
RPY000467,Cash Refund,RFD000777
RPY000468,Original Payment Method,RFD001071
RPY000469,Cash Refund,RFD000341
RPY000470,Bank Transfer,RFD000748
RPY000471,Credit Card Reversal,RFD001581
RPY000472,Original Payment Method,RFD001021
RPY000473,Store Credit,RFD001226
RPY000474,Cash Refund,RFD000598
RPY000475,Credit Card Reversal,RFD000903
RPY000476,Credit Card Reversal,RFD001948
RPY000477,Store Credit,RFD000874
RPY000478,Original Payment Method,RFD001159
RPY000479,Original Payment Method,RFD000248
RPY000480,Cash Refund,RFD000644
RPY000481,Cash Refund,RFD000905
RPY000482,Cash Refund,RFD001304
RPY000483,Bank Transfer,RFD000125
RPY000484,Credit Card Reversal,RFD000889
RPY000485,Original Payment Method,RFD001231
RPY000486,Bank Transfer,RFD001832
RPY000487,Original Payment Method,RFD001326
RPY000488,Bank Transfer,RFD000717
RPY000489,Credit Card Reversal,RFD001288
RPY000490,Store Credit,RFD000620
RPY000491,Bank Transfer,RFD001494
RPY000492,Credit Card Reversal,RFD000194
RPY000493,Credit Card Reversal,RFD001443
RPY000494,Original Payment Method,RFD001734
RPY000495,Bank Transfer,RFD001827
RPY000496,Credit Card Reversal,RFD001576
RPY000497,Original Payment Method,RFD001664
RPY000498,Store Credit,RFD001260
RPY000499,Bank Transfer,RFD001163
RPY000500,Cash Refund,RFD000815
RPY000501,Cash Refund,RFD000078
RPY000502,Credit Card Reversal,RFD001295
RPY000503,Store Credit,RFD001580
RPY000504,Original Payment Method,RFD000880
RPY000505,Bank Transfer,RFD000321
RPY000506,Original Payment Method,RFD001402
RPY000507,Original Payment Method,RFD000187
RPY000508,Bank Transfer,RFD001567
RPY000509,Original Payment Method,RFD000113
RPY000510,Cash Refund,RFD001083
RPY000511,Cash Refund,RFD001833
RPY000512,Credit Card Reversal,RFD000221
RPY000513,Store Credit,RFD001920
RPY000514,Store Credit,RFD001085
RPY000515,Store Credit,RFD001781
RPY000516,Store Credit,RFD000488
RPY000517,Bank Transfer,RFD000122
RPY000518,Credit Card Reversal,RFD000928
RPY000519,Bank Transfer,RFD001274
RPY000520,Bank Transfer,RFD000591
RPY000521,Store Credit,RFD001131
RPY000522,Credit Card Reversal,RFD001899
RPY000523,Cash Refund,RFD000473
RPY000524,Cash Refund,RFD000057
RPY000525,Credit Card Reversal,RFD000332
RPY000526,Credit Card Reversal,RFD001583
RPY000527,Bank Transfer,RFD001356
RPY000528,Store Credit,RFD000317
RPY000529,Bank Transfer,RFD000655
RPY000530,Store Credit,RFD001648
RPY000531,Store Credit,RFD001012
RPY000532,Cash Refund,RFD001392
RPY000533,Original Payment Method,RFD001973
RPY000534,Cash Refund,RFD000782
RPY000535,Store Credit,RFD000736
RPY000536,Credit Card Reversal,RFD001426
RPY000537,Store Credit,RFD001301
RPY000538,Cash Refund,RFD001846
RPY000539,Credit Card Reversal,RFD000357
RPY000540,Store Credit,RFD000003
RPY000541,Original Payment Method,RFD000562
RPY000542,Bank Transfer,RFD001146
RPY000543,Store Credit,RFD000159
RPY000544,Bank Transfer,RFD000035
RPY000545,Store Credit,RFD001278
RPY000546,Bank Transfer,RFD001387
RPY000547,Cash Refund,RFD000365
RPY000548,Credit Card Reversal,RFD001693
RPY000549,Store Credit,RFD000295
RPY000550,Credit Card Reversal,RFD001731
RPY000551,Cash Refund,RFD001644
RPY000552,Bank Transfer,RFD001705
RPY000553,Credit Card Reversal,RFD001246
RPY000554,Credit Card Reversal,RFD000170
RPY000555,Store Credit,RFD001135
RPY000556,Bank Transfer,RFD001116
RPY000557,Credit Card Reversal,RFD000506
RPY000558,Cash Refund,RFD000796
RPY000559,Credit Card Reversal,RFD000015
RPY000560,Store Credit,RFD000392
RPY000561,Bank Transfer,RFD001711
RPY000562,Store Credit,RFD000336
RPY000563,Bank Transfer,RFD001750
RPY000564,Bank Transfer,RFD001324
RPY000565,Original Payment Method,RFD000861
RPY000566,Original Payment Method,RFD001994
RPY000567,Cash Refund,RFD000222
RPY000568,Store Credit,RFD000231
RPY000569,Bank Transfer,RFD001944
RPY000570,Store Credit,RFD001613
RPY000571,Original Payment Method,RFD001189
RPY000572,Original Payment Method,RFD000886
RPY000573,Original Payment Method,RFD000903
RPY000574,Cash Refund,RFD001581
RPY000575,Bank Transfer,RFD001455
RPY000576,Bank Transfer,RFD000671
RPY000577,Store Credit,RFD000230
RPY000578,Original Payment Method,RFD000529
RPY000579,Original Payment Method,RFD001615
RPY000580,Original Payment Method,RFD001129
RPY000581,Bank Transfer,RFD001782
RPY000582,Bank Transfer,RFD000919
RPY000583,Cash Refund,RFD000725
RPY000584,Store Credit,RFD000870
RPY000585,Credit Card Reversal,RFD000454
RPY000586,Cash Refund,RFD001372
RPY000587,Bank Transfer,RFD000571
RPY000588,Original Payment Method,RFD000220
RPY000589,Cash Refund,RFD001981
RPY000590,Store Credit,RFD000356
RPY000591,Original Payment Method,RFD001830
RPY000592,Store Credit,RFD000785
RPY000593,Original Payment Method,RFD001519
RPY000594,Bank Transfer,RFD000789
RPY000595,Cash Refund,RFD000298
RPY000596,Bank Transfer,RFD001201
RPY000597,Bank Transfer,RFD000008
RPY000598,Store Credit,RFD001445
RPY000599,Cash Refund,RFD000036
RPY000600,Store Credit,RFD000374
RPY000601,Store Credit,RFD000290
RPY000602,Bank Transfer,RFD001058
RPY000603,Bank Transfer,RFD000159
RPY000604,Credit Card Reversal,RFD000770
RPY000605,Cash Refund,RFD000889
RPY000606,Credit Card Reversal,RFD001338
RPY000607,Cash Refund,RFD000265
RPY000608,Credit Card Reversal,RFD000885
RPY000609,Credit Card Reversal,RFD000588
RPY000610,Cash Refund,RFD001435
RPY000611,Credit Card Reversal,RFD001930
RPY000612,Credit Card Reversal,RFD000342
RPY000613,Bank Transfer,RFD001425
RPY000614,Store Credit,RFD000578
RPY000615,Store Credit,RFD000924
RPY000616,Store Credit,RFD000353
RPY000617,Cash Refund,RFD000328
RPY000618,Credit Card Reversal,RFD000945
RPY000619,Credit Card Reversal,RFD001100
RPY000620,Bank Transfer,RFD001862
RPY000621,Bank Transfer,RFD001633
RPY000622,Credit Card Reversal,RFD000635
RPY000623,Original Payment Method,RFD001948
RPY000624,Original Payment Method,RFD001756
RPY000625,Store Credit,RFD000528
RPY000626,Credit Card Reversal,RFD001100
RPY000627,Original Payment Method,RFD000084
RPY000628,Cash Refund,RFD000817
RPY000629,Bank Transfer,RFD000712
RPY000630,Credit Card Reversal,RFD001016
RPY000631,Original Payment Method,RFD000697
RPY000632,Credit Card Reversal,RFD000465
RPY000633,Original Payment Method,RFD001779
RPY000634,Original Payment Method,RFD000933
RPY000635,Original Payment Method,RFD000594
RPY000636,Store Credit,RFD000448
RPY000637,Credit Card Reversal,RFD001024
RPY000638,Credit Card Reversal,RFD000356
RPY000639,Cash Refund,RFD000584
RPY000640,Store Credit,RFD000639
RPY000641,Cash Refund,RFD001043
RPY000642,Credit Card Reversal,RFD001710
RPY000643,Original Payment Method,RFD001769
RPY000644,Bank Transfer,RFD001446
RPY000645,Cash Refund,RFD000187
RPY000646,Store Credit,RFD001231
RPY000647,Cash Refund,RFD000959
RPY000648,Bank Transfer,RFD000527
RPY000649,Store Credit,RFD000503
RPY000650,Original Payment Method,RFD000263
RPY000651,Credit Card Reversal,RFD001395
RPY000652,Store Credit,RFD001540
RPY000653,Credit Card Reversal,RFD000182
RPY000654,Original Payment Method,RFD001636
RPY000655,Original Payment Method,RFD000504
RPY000656,Cash Refund,RFD001265
RPY000657,Credit Card Reversal,RFD000807
RPY000658,Bank Transfer,RFD001455
RPY000659,Credit Card Reversal,RFD001511
RPY000660,Cash Refund,RFD001207
RPY000661,Credit Card Reversal,RFD001927
RPY000662,Credit Card Reversal,RFD001781
RPY000663,Bank Transfer,RFD000482
RPY000664,Bank Transfer,RFD001694
RPY000665,Bank Transfer,RFD001596
RPY000666,Cash Refund,RFD000380
RPY000667,Bank Transfer,RFD001571
RPY000668,Bank Transfer,RFD000259
RPY000669,Store Credit,RFD000070
RPY000670,Original Payment Method,RFD001582
RPY000671,Bank Transfer,RFD001064
RPY000672,Original Payment Method,RFD001123
RPY000673,Credit Card Reversal,RFD001218
RPY000674,Original Payment Method,RFD000607
RPY000675,Credit Card Reversal,RFD000856
RPY000676,Cash Refund,RFD000441
RPY000677,Bank Transfer,RFD000411
RPY000678,Bank Transfer,RFD001956
RPY000679,Store Credit,RFD001085
RPY000680,Cash Refund,RFD000213
RPY000681,Store Credit,RFD001478
RPY000682,Bank Transfer,RFD000952
RPY000683,Store Credit,RFD000151
RPY000684,Cash Refund,RFD000194
RPY000685,Credit Card Reversal,RFD000272
RPY000686,Original Payment Method,RFD000952
RPY000687,Original Payment Method,RFD001661
RPY000688,Store Credit,RFD000442
RPY000689,Cash Refund,RFD001725
RPY000690,Store Credit,RFD001642
RPY000691,Credit Card Reversal,RFD000325
RPY000692,Credit Card Reversal,RFD001944
RPY000693,Cash Refund,RFD001322
RPY000694,Store Credit,RFD001129
RPY000695,Bank Transfer,RFD000140
RPY000696,Cash Refund,RFD001665
RPY000697,Bank Transfer,RFD000640
RPY000698,Cash Refund,RFD001970
RPY000699,Cash Refund,RFD000717
RPY000700,Bank Transfer,RFD000710
RPY000701,Cash Refund,RFD000266
RPY000702,Bank Transfer,RFD000596
RPY000703,Cash Refund,RFD001392
RPY000704,Credit Card Reversal,RFD000335
RPY000705,Cash Refund,RFD000032
RPY000706,Bank Transfer,RFD001322
RPY000707,Bank Transfer,RFD001119
RPY000708,Original Payment Method,RFD000132
RPY000709,Bank Transfer,RFD001743
RPY000710,Bank Transfer,RFD001651
RPY000711,Cash Refund,RFD001334
RPY000712,Credit Card Reversal,RFD001079
RPY000713,Store Credit,RFD000266
RPY000714,Bank Transfer,RFD000106
RPY000715,Original Payment Method,RFD000371
RPY000716,Credit Card Reversal,RFD001199
RPY000717,Bank Transfer,RFD000447
RPY000718,Credit Card Reversal,RFD000140
RPY000719,Credit Card Reversal,RFD001807
RPY000720,Credit Card Reversal,RFD001471
RPY000721,Store Credit,RFD000091
RPY000722,Credit Card Reversal,RFD001695
RPY000723,Store Credit,RFD001798
RPY000724,Original Payment Method,RFD001724
RPY000725,Original Payment Method,RFD001397
RPY000726,Store Credit,RFD001327
RPY000727,Credit Card Reversal,RFD000626
RPY000728,Bank Transfer,RFD001015
RPY000729,Bank Transfer,RFD000954
RPY000730,Bank Transfer,RFD001795
RPY000731,Cash Refund,RFD000195
RPY000732,Bank Transfer,RFD000515
RPY000733,Store Credit,RFD001684
RPY000734,Original Payment Method,RFD001733
RPY000735,Cash Refund,RFD000378
RPY000736,Bank Transfer,RFD000256
RPY000737,Original Payment Method,RFD001727
RPY000738,Credit Card Reversal,RFD001624
RPY000739,Store Credit,RFD000801
RPY000740,Bank Transfer,RFD001662
RPY000741,Cash Refund,RFD001305
RPY000742,Credit Card Reversal,RFD000675
RPY000743,Bank Transfer,RFD001995
RPY000744,Bank Transfer,RFD001638
RPY000745,Bank Transfer,RFD001380
RPY000746,Original Payment Method,RFD001939
RPY000747,Original Payment Method,RFD000186
RPY000748,Cash Refund,RFD001174
RPY000749,Store Credit,RFD000007
RPY000750,Cash Refund,RFD000999
RPY000751,Credit Card Reversal,RFD001518
RPY000752,Bank Transfer,RFD001090
RPY000753,Credit Card Reversal,RFD000152
RPY000754,Original Payment Method,RFD001619
RPY000755,Original Payment Method,RFD000376
RPY000756,Store Credit,RFD001522
RPY000757,Cash Refund,RFD000604
RPY000758,Original Payment Method,RFD001595
RPY000759,Bank Transfer,RFD001967
RPY000760,Cash Refund,RFD000543
RPY000761,Store Credit,RFD000646
RPY000762,Cash Refund,RFD001733
RPY000763,Cash Refund,RFD000419
RPY000764,Bank Transfer,RFD001933
RPY000765,Credit Card Reversal,RFD000243
RPY000766,Cash Refund,RFD000941
RPY000767,Bank Transfer,RFD000424
RPY000768,Store Credit,RFD001942
RPY000769,Original Payment Method,RFD001440
RPY000770,Credit Card Reversal,RFD001056
RPY000771,Credit Card Reversal,RFD001749
RPY000772,Original Payment Method,RFD000184
RPY000773,Store Credit,RFD001635
RPY000774,Credit Card Reversal,RFD000923
RPY000775,Cash Refund,RFD000840
RPY000776,Credit Card Reversal,RFD001958
RPY000777,Bank Transfer,RFD000784
RPY000778,Bank Transfer,RFD001088
RPY000779,Original Payment Method,RFD000755
RPY000780,Store Credit,RFD001968
RPY000781,Store Credit,RFD001140
RPY000782,Cash Refund,RFD000195
RPY000783,Store Credit,RFD000094
RPY000784,Original Payment Method,RFD001512
RPY000785,Credit Card Reversal,RFD001740
RPY000786,Bank Transfer,RFD000149
RPY000787,Cash Refund,RFD001654
RPY000788,Store Credit,RFD001453
RPY000789,Bank Transfer,RFD001752
RPY000790,Store Credit,RFD000696
RPY000791,Cash Refund,RFD000374
RPY000792,Credit Card Reversal,RFD001033
RPY000793,Credit Card Reversal,RFD000139
RPY000794,Cash Refund,RFD001752
RPY000795,Bank Transfer,RFD000885
RPY000796,Cash Refund,RFD001743
RPY000797,Bank Transfer,RFD000997
RPY000798,Original Payment Method,RFD001222
RPY000799,Store Credit,RFD001042
RPY000800,Original Payment Method,RFD001196
RPY000801,Original Payment Method,RFD001581
RPY000802,Store Credit,RFD000611
RPY000803,Credit Card Reversal,RFD000479
RPY000804,Original Payment Method,RFD000159
RPY000805,Original Payment Method,RFD000207
RPY000806,Store Credit,RFD001039
RPY000807,Original Payment Method,RFD001432
RPY000808,Bank Transfer,RFD001553
RPY000809,Bank Transfer,RFD000450
RPY000810,Bank Transfer,RFD001976
RPY000811,Store Credit,RFD000666
RPY000812,Bank Transfer,RFD001249
RPY000813,Original Payment Method,RFD001388
RPY000814,Credit Card Reversal,RFD001559
RPY000815,Credit Card Reversal,RFD001571
RPY000816,Cash Refund,RFD001431
RPY000817,Cash Refund,RFD000025
RPY000818,Store Credit,RFD001963
RPY000819,Bank Transfer,RFD000687
RPY000820,Cash Refund,RFD000996
RPY000821,Credit Card Reversal,RFD001122
RPY000822,Original Payment Method,RFD001277
RPY000823,Original Payment Method,RFD000261
RPY000824,Credit Card Reversal,RFD001670
RPY000825,Original Payment Method,RFD000491
RPY000826,Cash Refund,RFD001910
RPY000827,Store Credit,RFD001778
RPY000828,Cash Refund,RFD000333
RPY000829,Bank Transfer,RFD000742
RPY000830,Cash Refund,RFD001506
RPY000831,Bank Transfer,RFD001177
RPY000832,Bank Transfer,RFD000955
RPY000833,Credit Card Reversal,RFD001613
RPY000834,Bank Transfer,RFD000529
RPY000835,Cash Refund,RFD000242
RPY000836,Bank Transfer,RFD000423
RPY000837,Cash Refund,RFD001857
RPY000838,Store Credit,RFD001382
RPY000839,Original Payment Method,RFD000365
RPY000840,Cash Refund,RFD000318
RPY000841,Cash Refund,RFD001507
RPY000842,Original Payment Method,RFD000814
RPY000843,Credit Card Reversal,RFD001766
RPY000844,Cash Refund,RFD000867
RPY000845,Bank Transfer,RFD001856
RPY000846,Cash Refund,RFD001773
RPY000847,Credit Card Reversal,RFD001572
RPY000848,Cash Refund,RFD001423
RPY000849,Credit Card Reversal,RFD001012
RPY000850,Original Payment Method,RFD001900
RPY000851,Store Credit,RFD000438
RPY000852,Credit Card Reversal,RFD000874
RPY000853,Bank Transfer,RFD001804
RPY000854,Original Payment Method,RFD000976
RPY000855,Original Payment Method,RFD001603
RPY000856,Credit Card Reversal,RFD000920
RPY000857,Store Credit,RFD001456
RPY000858,Store Credit,RFD000069
RPY000859,Cash Refund,RFD001048
RPY000860,Cash Refund,RFD001065
RPY000861,Store Credit,RFD001763
RPY000862,Cash Refund,RFD000248
RPY000863,Store Credit,RFD001236
RPY000864,Credit Card Reversal,RFD001192
RPY000865,Original Payment Method,RFD001587
RPY000866,Bank Transfer,RFD001128
RPY000867,Cash Refund,RFD000448
RPY000868,Store Credit,RFD000663
RPY000869,Bank Transfer,RFD000082
RPY000870,Credit Card Reversal,RFD000316
RPY000871,Store Credit,RFD001981
RPY000872,Bank Transfer,RFD001875
RPY000873,Original Payment Method,RFD000429
RPY000874,Credit Card Reversal,RFD001018
RPY000875,Cash Refund,RFD001814
RPY000876,Bank Transfer,RFD000676
RPY000877,Credit Card Reversal,RFD001753
RPY000878,Cash Refund,RFD000452
RPY000879,Credit Card Reversal,RFD001438
RPY000880,Bank Transfer,RFD000848
RPY000881,Store Credit,RFD001089
RPY000882,Cash Refund,RFD000401
RPY000883,Store Credit,RFD000512
RPY000884,Credit Card Reversal,RFD001717
RPY000885,Cash Refund,RFD000059
RPY000886,Store Credit,RFD000997
RPY000887,Original Payment Method,RFD000166
RPY000888,Store Credit,RFD001945
RPY000889,Original Payment Method,RFD000984
RPY000890,Store Credit,RFD001075
RPY000891,Credit Card Reversal,RFD000225
RPY000892,Credit Card Reversal,RFD000848
RPY000893,Bank Transfer,RFD000228
RPY000894,Store Credit,RFD000002
RPY000895,Bank Transfer,RFD001463
RPY000896,Original Payment Method,RFD001089
RPY000897,Store Credit,RFD000509
RPY000898,Store Credit,RFD000170
RPY000899,Cash Refund,RFD000172
RPY000900,Store Credit,RFD000294
RPY000901,Credit Card Reversal,RFD000169
RPY000902,Store Credit,RFD000944
RPY000903,Store Credit,RFD000620
RPY000904,Cash Refund,RFD000831
RPY000905,Cash Refund,RFD001725
RPY000906,Credit Card Reversal,RFD000940
RPY000907,Cash Refund,RFD000665
RPY000908,Bank Transfer,RFD001185
RPY000909,Store Credit,RFD000947
RPY000910,Cash Refund,RFD000239
RPY000911,Bank Transfer,RFD000888
RPY000912,Credit Card Reversal,RFD000655
RPY000913,Credit Card Reversal,RFD001271
RPY000914,Cash Refund,RFD000540
RPY000915,Original Payment Method,RFD000354
RPY000916,Store Credit,RFD001136
RPY000917,Credit Card Reversal,RFD001480
RPY000918,Bank Transfer,RFD001938
RPY000919,Credit Card Reversal,RFD000876
RPY000920,Bank Transfer,RFD001422
RPY000921,Bank Transfer,RFD000778
RPY000922,Cash Refund,RFD000333
RPY000923,Original Payment Method,RFD001883
RPY000924,Store Credit,RFD000553
RPY000925,Store Credit,RFD000076
RPY000926,Original Payment Method,RFD000114
RPY000927,Original Payment Method,RFD001296
RPY000928,Store Credit,RFD001672
RPY000929,Original Payment Method,RFD000076
RPY000930,Bank Transfer,RFD001506
RPY000931,Cash Refund,RFD001011
RPY000932,Bank Transfer,RFD000301
RPY000933,Cash Refund,RFD001586
RPY000934,Store Credit,RFD000927
RPY000935,Credit Card Reversal,RFD000414
RPY000936,Store Credit,RFD001156
RPY000937,Cash Refund,RFD001935
RPY000938,Bank Transfer,RFD001354
RPY000939,Credit Card Reversal,RFD000078
RPY000940,Store Credit,RFD000585
RPY000941,Cash Refund,RFD000545
RPY000942,Store Credit,RFD001004
RPY000943,Bank Transfer,RFD000580
RPY000944,Cash Refund,RFD001270
RPY000945,Store Credit,RFD000599
RPY000946,Credit Card Reversal,RFD001249
RPY000947,Credit Card Reversal,RFD000322
RPY000948,Original Payment Method,RFD001883
RPY000949,Cash Refund,RFD001049
RPY000950,Bank Transfer,RFD001478
RPY000951,Cash Refund,RFD001768
RPY000952,Bank Transfer,RFD001644
RPY000953,Original Payment Method,RFD001054
RPY000954,Original Payment Method,RFD001601
RPY000955,Store Credit,RFD000181
RPY000956,Original Payment Method,RFD000726
RPY000957,Credit Card Reversal,RFD001317
RPY000958,Cash Refund,RFD000895
RPY000959,Credit Card Reversal,RFD001729
RPY000960,Original Payment Method,RFD000943
RPY000961,Store Credit,RFD000263
RPY000962,Credit Card Reversal,RFD001104
RPY000963,Store Credit,RFD000609
RPY000964,Original Payment Method,RFD001460
RPY000965,Bank Transfer,RFD000190
RPY000966,Credit Card Reversal,RFD001253
RPY000967,Bank Transfer,RFD000047
RPY000968,Original Payment Method,RFD000311
RPY000969,Store Credit,RFD000588
RPY000970,Original Payment Method,RFD000220
RPY000971,Store Credit,RFD001894
RPY000972,Original Payment Method,RFD001687
RPY000973,Store Credit,RFD001849
RPY000974,Store Credit,RFD000498
RPY000975,Store Credit,RFD001985
RPY000976,Cash Refund,RFD000882
RPY000977,Store Credit,RFD000259
RPY000978,Credit Card Reversal,RFD000221
RPY000979,Store Credit,RFD001210
RPY000980,Cash Refund,RFD001175
RPY000981,Credit Card Reversal,RFD000054
RPY000982,Store Credit,RFD001005
RPY000983,Store Credit,RFD000363
RPY000984,Bank Transfer,RFD001275
RPY000985,Credit Card Reversal,RFD000009
RPY000986,Original Payment Method,RFD001559
RPY000987,Store Credit,RFD000605
RPY000988,Store Credit,RFD000239
RPY000989,Original Payment Method,RFD001885
RPY000990,Bank Transfer,RFD001211
RPY000991,Store Credit,RFD000888
RPY000992,Credit Card Reversal,RFD000917
RPY000993,Bank Transfer,RFD001378
RPY000994,Original Payment Method,RFD001225
RPY000995,Bank Transfer,RFD000248
RPY000996,Credit Card Reversal,RFD001999
RPY000997,Store Credit,RFD001317
RPY000998,Cash Refund,RFD001929
RPY000999,Bank Transfer,RFD001998
RPY001000,Bank Transfer,RFD001712
RPY001001,Store Credit,RFD000849
RPY001002,Store Credit,RFD001008
RPY001003,Cash Refund,RFD000487
RPY001004,Store Credit,RFD001825
RPY001005,Credit Card Reversal,RFD000965
RPY001006,Bank Transfer,RFD000431
RPY001007,Bank Transfer,RFD001792
RPY001008,Original Payment Method,RFD001534
RPY001009,Bank Transfer,RFD000161
RPY001010,Store Credit,RFD001032
RPY001011,Bank Transfer,RFD000583
RPY001012,Store Credit,RFD001238
RPY001013,Bank Transfer,RFD001170
RPY001014,Credit Card Reversal,RFD000687
RPY001015,Original Payment Method,RFD001579
RPY001016,Credit Card Reversal,RFD001364
RPY001017,Credit Card Reversal,RFD000979
RPY001018,Original Payment Method,RFD000061
RPY001019,Cash Refund,RFD000451
RPY001020,Store Credit,RFD001090
RPY001021,Credit Card Reversal,RFD000868
RPY001022,Original Payment Method,RFD001488
RPY001023,Credit Card Reversal,RFD000111
RPY001024,Cash Refund,RFD001956
RPY001025,Cash Refund,RFD001417
RPY001026,Bank Transfer,RFD000563
RPY001027,Original Payment Method,RFD000039
RPY001028,Credit Card Reversal,RFD000043
RPY001029,Original Payment Method,RFD000699
RPY001030,Bank Transfer,RFD000832
RPY001031,Original Payment Method,RFD001637
RPY001032,Credit Card Reversal,RFD000397
RPY001033,Bank Transfer,RFD001391
RPY001034,Credit Card Reversal,RFD000996
RPY001035,Original Payment Method,RFD000755
RPY001036,Cash Refund,RFD001066
RPY001037,Cash Refund,RFD000466
RPY001038,Store Credit,RFD000854
RPY001039,Store Credit,RFD000414
RPY001040,Cash Refund,RFD000343
RPY001041,Cash Refund,RFD001642
RPY001042,Cash Refund,RFD000893
RPY001043,Bank Transfer,RFD001380
RPY001044,Bank Transfer,RFD001208
RPY001045,Original Payment Method,RFD001268
RPY001046,Original Payment Method,RFD001866
RPY001047,Credit Card Reversal,RFD000205
RPY001048,Cash Refund,RFD001059
RPY001049,Cash Refund,RFD000345
RPY001050,Store Credit,RFD000991
RPY001051,Bank Transfer,RFD000161
RPY001052,Cash Refund,RFD001003
RPY001053,Original Payment Method,RFD000651
RPY001054,Credit Card Reversal,RFD000388
RPY001055,Store Credit,RFD001106
RPY001056,Bank Transfer,RFD000225
RPY001057,Original Payment Method,RFD000239
RPY001058,Original Payment Method,RFD000545
RPY001059,Original Payment Method,RFD000762
RPY001060,Store Credit,RFD000643
RPY001061,Bank Transfer,RFD001336
RPY001062,Cash Refund,RFD001329
RPY001063,Store Credit,RFD001821
RPY001064,Credit Card Reversal,RFD001451
RPY001065,Store Credit,RFD000336
RPY001066,Credit Card Reversal,RFD001205
RPY001067,Store Credit,RFD001713
RPY001068,Original Payment Method,RFD001359
RPY001069,Store Credit,RFD001690
RPY001070,Bank Transfer,RFD001388
RPY001071,Original Payment Method,RFD001829
RPY001072,Original Payment Method,RFD000764
RPY001073,Bank Transfer,RFD001809
RPY001074,Bank Transfer,RFD001082
RPY001075,Bank Transfer,RFD000349
RPY001076,Credit Card Reversal,RFD001195
RPY001077,Original Payment Method,RFD001636
RPY001078,Bank Transfer,RFD000378
RPY001079,Original Payment Method,RFD001791
RPY001080,Credit Card Reversal,RFD001609
RPY001081,Credit Card Reversal,RFD000574
RPY001082,Store Credit,RFD001237
RPY001083,Original Payment Method,RFD001974
RPY001084,Store Credit,RFD001361
RPY001085,Bank Transfer,RFD000803
RPY001086,Credit Card Reversal,RFD000940
RPY001087,Cash Refund,RFD000508
RPY001088,Store Credit,RFD001305
RPY001089,Cash Refund,RFD001425
RPY001090,Store Credit,RFD000624
RPY001091,Bank Transfer,RFD000785
RPY001092,Store Credit,RFD000343
RPY001093,Cash Refund,RFD001080
RPY001094,Credit Card Reversal,RFD000055
RPY001095,Store Credit,RFD000204
RPY001096,Store Credit,RFD000085
RPY001097,Credit Card Reversal,RFD001915
RPY001098,Bank Transfer,RFD000898
RPY001099,Bank Transfer,RFD001342
RPY001100,Cash Refund,RFD000848
RPY001101,Store Credit,RFD000109
RPY001102,Original Payment Method,RFD001653
RPY001103,Bank Transfer,RFD000765
RPY001104,Original Payment Method,RFD000304
RPY001105,Store Credit,RFD000771
RPY001106,Original Payment Method,RFD001400
RPY001107,Store Credit,RFD000742
RPY001108,Store Credit,RFD001828
RPY001109,Original Payment Method,RFD000578
RPY001110,Original Payment Method,RFD001013
RPY001111,Bank Transfer,RFD000198
RPY001112,Original Payment Method,RFD001004
RPY001113,Bank Transfer,RFD000402
RPY001114,Credit Card Reversal,RFD001211
RPY001115,Credit Card Reversal,RFD000772
RPY001116,Original Payment Method,RFD001932
RPY001117,Original Payment Method,RFD001955
RPY001118,Credit Card Reversal,RFD001490
RPY001119,Credit Card Reversal,RFD000656
RPY001120,Cash Refund,RFD001996
RPY001121,Credit Card Reversal,RFD001908
RPY001122,Bank Transfer,RFD001254
RPY001123,Bank Transfer,RFD000357
RPY001124,Credit Card Reversal,RFD001231
RPY001125,Original Payment Method,RFD000356
RPY001126,Store Credit,RFD001656
RPY001127,Store Credit,RFD001294
RPY001128,Credit Card Reversal,RFD000976
RPY001129,Original Payment Method,RFD000632
RPY001130,Original Payment Method,RFD001493
RPY001131,Cash Refund,RFD001775
RPY001132,Original Payment Method,RFD001897
RPY001133,Store Credit,RFD001655
RPY001134,Credit Card Reversal,RFD001983
RPY001135,Original Payment Method,RFD000958
RPY001136,Original Payment Method,RFD001602
RPY001137,Store Credit,RFD000396
RPY001138,Bank Transfer,RFD001230
RPY001139,Original Payment Method,RFD001592
RPY001140,Store Credit,RFD001209
RPY001141,Credit Card Reversal,RFD001315
RPY001142,Cash Refund,RFD000545
RPY001143,Cash Refund,RFD001163
RPY001144,Store Credit,RFD000773
RPY001145,Original Payment Method,RFD000914
RPY001146,Cash Refund,RFD000031
RPY001147,Store Credit,RFD000604
RPY001148,Credit Card Reversal,RFD000915
RPY001149,Store Credit,RFD001508
RPY001150,Store Credit,RFD001004
RPY001151,Bank Transfer,RFD000074
RPY001152,Store Credit,RFD001382
RPY001153,Original Payment Method,RFD001123
RPY001154,Bank Transfer,RFD001010
RPY001155,Bank Transfer,RFD000397
RPY001156,Cash Refund,RFD001678
RPY001157,Bank Transfer,RFD001935
RPY001158,Store Credit,RFD001366
RPY001159,Store Credit,RFD001330
RPY001160,Bank Transfer,RFD001574
RPY001161,Cash Refund,RFD001364
RPY001162,Bank Transfer,RFD000909
RPY001163,Bank Transfer,RFD001112
RPY001164,Bank Transfer,RFD001097
RPY001165,Store Credit,RFD000905
RPY001166,Original Payment Method,RFD000976
RPY001167,Original Payment Method,RFD000330
RPY001168,Original Payment Method,RFD000556
RPY001169,Original Payment Method,RFD000493
RPY001170,Store Credit,RFD000715
RPY001171,Bank Transfer,RFD000699
RPY001172,Original Payment Method,RFD001235
RPY001173,Bank Transfer,RFD000892
RPY001174,Original Payment Method,RFD001404
RPY001175,Cash Refund,RFD001455
RPY001176,Bank Transfer,RFD001581
RPY001177,Cash Refund,RFD000285
RPY001178,Store Credit,RFD000373
RPY001179,Cash Refund,RFD001040
RPY001180,Store Credit,RFD000278
RPY001181,Original Payment Method,RFD001018
RPY001182,Bank Transfer,RFD000409
RPY001183,Store Credit,RFD000365
RPY001184,Bank Transfer,RFD000159
RPY001185,Store Credit,RFD001988
RPY001186,Cash Refund,RFD001367
RPY001187,Store Credit,RFD001603
RPY001188,Bank Transfer,RFD000681
RPY001189,Cash Refund,RFD000435
RPY001190,Bank Transfer,RFD001299
RPY001191,Credit Card Reversal,RFD000159
RPY001192,Cash Refund,RFD001365
RPY001193,Credit Card Reversal,RFD000127
RPY001194,Original Payment Method,RFD001808
RPY001195,Credit Card Reversal,RFD001431
RPY001196,Credit Card Reversal,RFD000791
RPY001197,Original Payment Method,RFD000117
RPY001198,Bank Transfer,RFD001443
RPY001199,Original Payment Method,RFD000322
RPY001200,Original Payment Method,RFD001808
RPY001201,Bank Transfer,RFD001084
RPY001202,Cash Refund,RFD000261
RPY001203,Original Payment Method,RFD001215
RPY001204,Store Credit,RFD000357
RPY001205,Credit Card Reversal,RFD000242
RPY001206,Cash Refund,RFD000803
RPY001207,Bank Transfer,RFD001422
RPY001208,Bank Transfer,RFD000204
RPY001209,Bank Transfer,RFD001727
RPY001210,Cash Refund,RFD000605
RPY001211,Cash Refund,RFD001347
RPY001212,Credit Card Reversal,RFD001866
RPY001213,Credit Card Reversal,RFD001838
RPY001214,Credit Card Reversal,RFD001747
RPY001215,Bank Transfer,RFD001175
RPY001216,Bank Transfer,RFD000059
RPY001217,Bank Transfer,RFD001508
RPY001218,Cash Refund,RFD000606
RPY001219,Cash Refund,RFD000910
RPY001220,Bank Transfer,RFD000746
RPY001221,Credit Card Reversal,RFD001519
RPY001222,Credit Card Reversal,RFD000159
RPY001223,Credit Card Reversal,RFD000065
RPY001224,Bank Transfer,RFD001621
RPY001225,Bank Transfer,RFD001567
RPY001226,Original Payment Method,RFD001011
RPY001227,Cash Refund,RFD001959
RPY001228,Store Credit,RFD001501
RPY001229,Cash Refund,RFD000041
RPY001230,Credit Card Reversal,RFD000881
RPY001231,Credit Card Reversal,RFD001062
RPY001232,Store Credit,RFD000772
RPY001233,Cash Refund,RFD001511
RPY001234,Cash Refund,RFD000134
RPY001235,Cash Refund,RFD000417
RPY001236,Store Credit,RFD001013
RPY001237,Original Payment Method,RFD001226
RPY001238,Cash Refund,RFD000077
RPY001239,Original Payment Method,RFD001867
RPY001240,Credit Card Reversal,RFD001403
RPY001241,Credit Card Reversal,RFD001601
RPY001242,Credit Card Reversal,RFD000323
RPY001243,Credit Card Reversal,RFD000694
RPY001244,Bank Transfer,RFD000026
RPY001245,Original Payment Method,RFD001916
RPY001246,Original Payment Method,RFD000097
RPY001247,Bank Transfer,RFD001153
RPY001248,Store Credit,RFD001690
RPY001249,Bank Transfer,RFD001736
RPY001250,Cash Refund,RFD000678
RPY001251,Credit Card Reversal,RFD000325
RPY001252,Bank Transfer,RFD001581
RPY001253,Cash Refund,RFD000910
RPY001254,Original Payment Method,RFD000838
RPY001255,Original Payment Method,RFD001660
RPY001256,Bank Transfer,RFD000393
RPY001257,Store Credit,RFD000595
RPY001258,Cash Refund,RFD001148
RPY001259,Cash Refund,RFD001293
RPY001260,Cash Refund,RFD001113
RPY001261,Credit Card Reversal,RFD000478
RPY001262,Original Payment Method,RFD000654
RPY001263,Store Credit,RFD000237
RPY001264,Store Credit,RFD001448
RPY001265,Original Payment Method,RFD001534
RPY001266,Original Payment Method,RFD000870
RPY001267,Original Payment Method,RFD000758
RPY001268,Original Payment Method,RFD001405
RPY001269,Bank Transfer,RFD000534
RPY001270,Credit Card Reversal,RFD001722
RPY001271,Bank Transfer,RFD000265
RPY001272,Bank Transfer,RFD000212
RPY001273,Store Credit,RFD000445
RPY001274,Bank Transfer,RFD001447
RPY001275,Store Credit,RFD000936
RPY001276,Credit Card Reversal,RFD001236
RPY001277,Store Credit,RFD001485
RPY001278,Credit Card Reversal,RFD000352
RPY001279,Original Payment Method,RFD000573
RPY001280,Bank Transfer,RFD000273
RPY001281,Bank Transfer,RFD000052
RPY001282,Bank Transfer,RFD000316
RPY001283,Cash Refund,RFD000841
RPY001284,Bank Transfer,RFD000973
RPY001285,Store Credit,RFD000691
RPY001286,Credit Card Reversal,RFD000822
RPY001287,Original Payment Method,RFD001560
RPY001288,Cash Refund,RFD000843
RPY001289,Store Credit,RFD001998
RPY001290,Cash Refund,RFD000210
RPY001291,Original Payment Method,RFD000563
RPY001292,Cash Refund,RFD000782
RPY001293,Cash Refund,RFD000807
RPY001294,Store Credit,RFD001937
RPY001295,Store Credit,RFD000882
RPY001296,Original Payment Method,RFD001852
RPY001297,Original Payment Method,RFD000245
RPY001298,Bank Transfer,RFD001076
RPY001299,Credit Card Reversal,RFD001036
RPY001300,Bank Transfer,RFD001485
RPY001301,Credit Card Reversal,RFD000022
RPY001302,Credit Card Reversal,RFD000664
RPY001303,Credit Card Reversal,RFD001471
RPY001304,Bank Transfer,RFD001356
RPY001305,Cash Refund,RFD000343
RPY001306,Store Credit,RFD000621
RPY001307,Bank Transfer,RFD000618
RPY001308,Original Payment Method,RFD000456
RPY001309,Cash Refund,RFD001422
RPY001310,Credit Card Reversal,RFD000828
RPY001311,Bank Transfer,RFD000606
RPY001312,Original Payment Method,RFD000699
RPY001313,Original Payment Method,RFD001561
RPY001314,Original Payment Method,RFD000416
RPY001315,Store Credit,RFD001569
RPY001316,Bank Transfer,RFD001504
RPY001317,Store Credit,RFD001824
RPY001318,Original Payment Method,RFD000954
RPY001319,Store Credit,RFD001305
RPY001320,Original Payment Method,RFD001634
RPY001321,Store Credit,RFD001954
RPY001322,Store Credit,RFD000643
RPY001323,Original Payment Method,RFD000023
RPY001324,Credit Card Reversal,RFD001667
RPY001325,Store Credit,RFD001068
RPY001326,Bank Transfer,RFD001841
RPY001327,Bank Transfer,RFD001115
RPY001328,Bank Transfer,RFD000198
RPY001329,Original Payment Method,RFD001680
RPY001330,Bank Transfer,RFD000569
RPY001331,Bank Transfer,RFD000115
RPY001332,Credit Card Reversal,RFD001905
RPY001333,Bank Transfer,RFD001717
RPY001334,Store Credit,RFD000968
RPY001335,Original Payment Method,RFD001994
RPY001336,Original Payment Method,RFD000288
RPY001337,Original Payment Method,RFD001051
RPY001338,Cash Refund,RFD000789
RPY001339,Store Credit,RFD000616
RPY001340,Bank Transfer,RFD001396
RPY001341,Cash Refund,RFD000238
RPY001342,Store Credit,RFD001280
RPY001343,Bank Transfer,RFD001569
RPY001344,Original Payment Method,RFD001736
RPY001345,Bank Transfer,RFD001527
RPY001346,Credit Card Reversal,RFD001339
RPY001347,Bank Transfer,RFD001922
RPY001348,Credit Card Reversal,RFD001296
RPY001349,Original Payment Method,RFD001237
RPY001350,Store Credit,RFD000346
RPY001351,Cash Refund,RFD001317
RPY001352,Bank Transfer,RFD001209
RPY001353,Original Payment Method,RFD000877
RPY001354,Cash Refund,RFD001338
RPY001355,Credit Card Reversal,RFD001054
RPY001356,Cash Refund,RFD001702
RPY001357,Credit Card Reversal,RFD000339
RPY001358,Credit Card Reversal,RFD000032
RPY001359,Store Credit,RFD001744
RPY001360,Credit Card Reversal,RFD000105
RPY001361,Credit Card Reversal,RFD001213
RPY001362,Store Credit,RFD001427
RPY001363,Bank Transfer,RFD000735
RPY001364,Store Credit,RFD001962
RPY001365,Cash Refund,RFD001453
RPY001366,Original Payment Method,RFD000861
RPY001367,Store Credit,RFD000041
RPY001368,Store Credit,RFD001950
RPY001369,Original Payment Method,RFD000107
RPY001370,Original Payment Method,RFD001818
RPY001371,Bank Transfer,RFD001600
RPY001372,Original Payment Method,RFD001379
RPY001373,Credit Card Reversal,RFD000750
RPY001374,Cash Refund,RFD000693
RPY001375,Credit Card Reversal,RFD000737
RPY001376,Bank Transfer,RFD000429
RPY001377,Store Credit,RFD001255
RPY001378,Credit Card Reversal,RFD001976
RPY001379,Cash Refund,RFD001000
RPY001380,Credit Card Reversal,RFD000220
RPY001381,Cash Refund,RFD001958
RPY001382,Cash Refund,RFD001408
RPY001383,Store Credit,RFD001038
RPY001384,Bank Transfer,RFD001878
RPY001385,Store Credit,RFD001521
RPY001386,Credit Card Reversal,RFD001276
RPY001387,Credit Card Reversal,RFD000937
RPY001388,Bank Transfer,RFD001383
RPY001389,Credit Card Reversal,RFD001393
RPY001390,Cash Refund,RFD001685
RPY001391,Cash Refund,RFD001578
RPY001392,Original Payment Method,RFD001253
RPY001393,Original Payment Method,RFD001452
RPY001394,Bank Transfer,RFD001780
RPY001395,Credit Card Reversal,RFD000084
RPY001396,Cash Refund,RFD001776
RPY001397,Bank Transfer,RFD000814
RPY001398,Original Payment Method,RFD001403
RPY001399,Store Credit,RFD001335
RPY001400,Cash Refund,RFD001605
RPY001401,Credit Card Reversal,RFD000560
RPY001402,Cash Refund,RFD001047
RPY001403,Store Credit,RFD000182
RPY001404,Store Credit,RFD001944
RPY001405,Cash Refund,RFD000055
RPY001406,Cash Refund,RFD000870
RPY001407,Original Payment Method,RFD000308
RPY001408,Cash Refund,RFD001827
RPY001409,Credit Card Reversal,RFD000570
RPY001410,Original Payment Method,RFD000008
RPY001411,Cash Refund,RFD000447
RPY001412,Bank Transfer,RFD000166
RPY001413,Bank Transfer,RFD001490
RPY001414,Original Payment Method,RFD000054
RPY001415,Original Payment Method,RFD001148
RPY001416,Credit Card Reversal,RFD000153
RPY001417,Credit Card Reversal,RFD000424
RPY001418,Store Credit,RFD000664
RPY001419,Bank Transfer,RFD000359
RPY001420,Bank Transfer,RFD000569
RPY001421,Bank Transfer,RFD000251
RPY001422,Cash Refund,RFD000231
RPY001423,Credit Card Reversal,RFD000781
RPY001424,Original Payment Method,RFD001516
RPY001425,Cash Refund,RFD000871
RPY001426,Credit Card Reversal,RFD000446
RPY001427,Cash Refund,RFD000230
RPY001428,Store Credit,RFD000193
RPY001429,Store Credit,RFD000677
RPY001430,Original Payment Method,RFD000355
RPY001431,Credit Card Reversal,RFD001394
RPY001432,Original Payment Method,RFD001263
RPY001433,Credit Card Reversal,RFD000249
RPY001434,Store Credit,RFD000893
RPY001435,Credit Card Reversal,RFD001036
RPY001436,Credit Card Reversal,RFD001588
RPY001437,Store Credit,RFD001393
RPY001438,Bank Transfer,RFD000806
RPY001439,Credit Card Reversal,RFD001500
RPY001440,Cash Refund,RFD001340
RPY001441,Credit Card Reversal,RFD001835
RPY001442,Original Payment Method,RFD000663
RPY001443,Store Credit,RFD001307
RPY001444,Store Credit,RFD000744
RPY001445,Cash Refund,RFD001293
RPY001446,Cash Refund,RFD000332
RPY001447,Credit Card Reversal,RFD001245
RPY001448,Cash Refund,RFD001920
RPY001449,Credit Card Reversal,RFD001729
RPY001450,Credit Card Reversal,RFD000100
RPY001451,Cash Refund,RFD001354
RPY001452,Bank Transfer,RFD001446
RPY001453,Original Payment Method,RFD001332
RPY001454,Credit Card Reversal,RFD001882
RPY001455,Cash Refund,RFD000327
RPY001456,Cash Refund,RFD001244
RPY001457,Credit Card Reversal,RFD000143
RPY001458,Bank Transfer,RFD001599
RPY001459,Bank Transfer,RFD001005
RPY001460,Cash Refund,RFD000249
RPY001461,Original Payment Method,RFD001848
RPY001462,Original Payment Method,RFD000748
RPY001463,Credit Card Reversal,RFD000712
RPY001464,Store Credit,RFD000340
RPY001465,Bank Transfer,RFD001033
RPY001466,Store Credit,RFD001929
RPY001467,Cash Refund,RFD000376
RPY001468,Original Payment Method,RFD001647
RPY001469,Bank Transfer,RFD001947
RPY001470,Store Credit,RFD001544
RPY001471,Store Credit,RFD000127
RPY001472,Original Payment Method,RFD001249
RPY001473,Cash Refund,RFD000645
RPY001474,Store Credit,RFD001745
RPY001475,Original Payment Method,RFD000244
RPY001476,Bank Transfer,RFD001564
RPY001477,Bank Transfer,RFD001354
RPY001478,Bank Transfer,RFD001954
RPY001479,Cash Refund,RFD000181
RPY001480,Cash Refund,RFD001293
RPY001481,Bank Transfer,RFD000193
RPY001482,Cash Refund,RFD000039
RPY001483,Store Credit,RFD001323
RPY001484,Cash Refund,RFD000444
RPY001485,Credit Card Reversal,RFD000298
RPY001486,Credit Card Reversal,RFD001723
RPY001487,Store Credit,RFD000315
RPY001488,Store Credit,RFD001322
RPY001489,Original Payment Method,RFD000437
RPY001490,Original Payment Method,RFD000769
RPY001491,Original Payment Method,RFD001703
RPY001492,Credit Card Reversal,RFD000886
RPY001493,Store Credit,RFD000348
RPY001494,Store Credit,RFD001366
RPY001495,Original Payment Method,RFD000961
RPY001496,Original Payment Method,RFD001821
RPY001497,Store Credit,RFD000503
RPY001498,Credit Card Reversal,RFD000070
RPY001499,Bank Transfer,RFD000578
RPY001500,Cash Refund,RFD001133
RPY001501,Store Credit,RFD000378
RPY001502,Bank Transfer,RFD001833
RPY001503,Cash Refund,RFD000786
RPY001504,Store Credit,RFD000893
RPY001505,Store Credit,RFD001029
RPY001506,Original Payment Method,RFD000129
RPY001507,Cash Refund,RFD000765
RPY001508,Store Credit,RFD001076
RPY001509,Credit Card Reversal,RFD000314
RPY001510,Cash Refund,RFD001012
RPY001511,Store Credit,RFD001484
RPY001512,Store Credit,RFD000043
RPY001513,Cash Refund,RFD000992
RPY001514,Store Credit,RFD001022
RPY001515,Credit Card Reversal,RFD000130
RPY001516,Credit Card Reversal,RFD000091
RPY001517,Bank Transfer,RFD000621
RPY001518,Cash Refund,RFD001803
RPY001519,Cash Refund,RFD000771
RPY001520,Bank Transfer,RFD001317
RPY001521,Original Payment Method,RFD001432
RPY001522,Credit Card Reversal,RFD000207
RPY001523,Cash Refund,RFD001427
RPY001524,Credit Card Reversal,RFD000702
RPY001525,Cash Refund,RFD000831
RPY001526,Credit Card Reversal,RFD000881
RPY001527,Bank Transfer,RFD001216
RPY001528,Original Payment Method,RFD001384
RPY001529,Bank Transfer,RFD000728
RPY001530,Bank Transfer,RFD000269
RPY001531,Bank Transfer,RFD001908
RPY001532,Bank Transfer,RFD000454
RPY001533,Credit Card Reversal,RFD000621
RPY001534,Credit Card Reversal,RFD001344
RPY001535,Original Payment Method,RFD001661
RPY001536,Bank Transfer,RFD001444
RPY001537,Credit Card Reversal,RFD001962
RPY001538,Credit Card Reversal,RFD001268
RPY001539,Cash Refund,RFD001376
RPY001540,Cash Refund,RFD000539
RPY001541,Cash Refund,RFD001748
RPY001542,Cash Refund,RFD000525
RPY001543,Cash Refund,RFD000158
RPY001544,Store Credit,RFD000758
RPY001545,Original Payment Method,RFD000569
RPY001546,Bank Transfer,RFD000057
RPY001547,Credit Card Reversal,RFD001236
RPY001548,Store Credit,RFD001814
RPY001549,Original Payment Method,RFD001539
RPY001550,Cash Refund,RFD000528
RPY001551,Store Credit,RFD000797
RPY001552,Credit Card Reversal,RFD001819
RPY001553,Bank Transfer,RFD000534
RPY001554,Bank Transfer,RFD000478
RPY001555,Cash Refund,RFD000469
RPY001556,Store Credit,RFD001216
RPY001557,Store Credit,RFD001433
RPY001558,Credit Card Reversal,RFD000521
RPY001559,Store Credit,RFD001430
RPY001560,Credit Card Reversal,RFD000434
RPY001561,Bank Transfer,RFD000009
RPY001562,Original Payment Method,RFD001351
RPY001563,Bank Transfer,RFD001557
RPY001564,Cash Refund,RFD000630
RPY001565,Cash Refund,RFD000608
RPY001566,Cash Refund,RFD001050
RPY001567,Original Payment Method,RFD000989
RPY001568,Store Credit,RFD000292
RPY001569,Original Payment Method,RFD000886
RPY001570,Bank Transfer,RFD001916
RPY001571,Credit Card Reversal,RFD001492
RPY001572,Cash Refund,RFD000480
RPY001573,Original Payment Method,RFD001066
RPY001574,Store Credit,RFD001674
RPY001575,Store Credit,RFD001334
RPY001576,Store Credit,RFD000928
RPY001577,Bank Transfer,RFD000415
RPY001578,Bank Transfer,RFD001193
RPY001579,Credit Card Reversal,RFD000873
RPY001580,Credit Card Reversal,RFD001585
RPY001581,Credit Card Reversal,RFD000159
RPY001582,Cash Refund,RFD000794
RPY001583,Store Credit,RFD001628
RPY001584,Original Payment Method,RFD001356
RPY001585,Cash Refund,RFD000169
RPY001586,Store Credit,RFD000790
RPY001587,Cash Refund,RFD001871
RPY001588,Credit Card Reversal,RFD001577
RPY001589,Store Credit,RFD001630
RPY001590,Store Credit,RFD001365
RPY001591,Store Credit,RFD001580
RPY001592,Original Payment Method,RFD001733
RPY001593,Original Payment Method,RFD000986
RPY001594,Original Payment Method,RFD000006
RPY001595,Cash Refund,RFD001236
RPY001596,Cash Refund,RFD001401
RPY001597,Original Payment Method,RFD000196
RPY001598,Original Payment Method,RFD001312
RPY001599,Cash Refund,RFD000732
RPY001600,Credit Card Reversal,RFD001751
RPY001601,Cash Refund,RFD000385
RPY001602,Store Credit,RFD001276
RPY001603,Original Payment Method,RFD000721
RPY001604,Original Payment Method,RFD000931
RPY001605,Bank Transfer,RFD001394
RPY001606,Bank Transfer,RFD000434
RPY001607,Credit Card Reversal,RFD000395
RPY001608,Original Payment Method,RFD000952
RPY001609,Original Payment Method,RFD000168
RPY001610,Cash Refund,RFD000853
RPY001611,Credit Card Reversal,RFD000629
RPY001612,Bank Transfer,RFD000933
RPY001613,Credit Card Reversal,RFD001626
RPY001614,Bank Transfer,RFD001516
RPY001615,Bank Transfer,RFD001262
RPY001616,Cash Refund,RFD000593
RPY001617,Credit Card Reversal,RFD000365
RPY001618,Store Credit,RFD001034
RPY001619,Cash Refund,RFD001183
RPY001620,Cash Refund,RFD000660
RPY001621,Cash Refund,RFD001056
RPY001622,Store Credit,RFD001022
RPY001623,Credit Card Reversal,RFD001981
RPY001624,Original Payment Method,RFD001583
RPY001625,Store Credit,RFD001208
RPY001626,Store Credit,RFD000433
RPY001627,Bank Transfer,RFD001746
RPY001628,Credit Card Reversal,RFD001482
RPY001629,Credit Card Reversal,RFD000564
RPY001630,Bank Transfer,RFD001583
RPY001631,Original Payment Method,RFD000349
RPY001632,Store Credit,RFD000222
RPY001633,Credit Card Reversal,RFD000048
RPY001634,Original Payment Method,RFD000518
RPY001635,Store Credit,RFD001489
RPY001636,Credit Card Reversal,RFD001164
RPY001637,Original Payment Method,RFD000621
RPY001638,Store Credit,RFD001854
RPY001639,Bank Transfer,RFD000116
RPY001640,Credit Card Reversal,RFD001405
RPY001641,Credit Card Reversal,RFD001384
RPY001642,Credit Card Reversal,RFD001579
RPY001643,Bank Transfer,RFD001930
RPY001644,Cash Refund,RFD000998
RPY001645,Original Payment Method,RFD001467
RPY001646,Bank Transfer,RFD001667
RPY001647,Credit Card Reversal,RFD000183
RPY001648,Cash Refund,RFD000503
RPY001649,Store Credit,RFD000791
RPY001650,Store Credit,RFD000889
RPY001651,Original Payment Method,RFD001347
RPY001652,Bank Transfer,RFD000924
RPY001653,Original Payment Method,RFD000168
RPY001654,Bank Transfer,RFD000197
RPY001655,Store Credit,RFD000112
RPY001656,Credit Card Reversal,RFD000408
RPY001657,Bank Transfer,RFD001622
RPY001658,Store Credit,RFD001979
RPY001659,Original Payment Method,RFD000970
RPY001660,Cash Refund,RFD001482
RPY001661,Cash Refund,RFD001418
RPY001662,Original Payment Method,RFD000854
RPY001663,Store Credit,RFD001427
RPY001664,Cash Refund,RFD001579
RPY001665,Bank Transfer,RFD000061
RPY001666,Original Payment Method,RFD001440
RPY001667,Bank Transfer,RFD000021
RPY001668,Credit Card Reversal,RFD001031
RPY001669,Bank Transfer,RFD001676
RPY001670,Cash Refund,RFD001275
RPY001671,Credit Card Reversal,RFD000738
RPY001672,Cash Refund,RFD000462
RPY001673,Store Credit,RFD001831
RPY001674,Store Credit,RFD000073
RPY001675,Original Payment Method,RFD000105
RPY001676,Credit Card Reversal,RFD001273
RPY001677,Credit Card Reversal,RFD001860
RPY001678,Store Credit,RFD000061
RPY001679,Bank Transfer,RFD001428
RPY001680,Bank Transfer,RFD000488
RPY001681,Bank Transfer,RFD000372
RPY001682,Credit Card Reversal,RFD000389
RPY001683,Original Payment Method,RFD001874
RPY001684,Cash Refund,RFD001950
RPY001685,Store Credit,RFD001021
RPY001686,Bank Transfer,RFD000062
RPY001687,Bank Transfer,RFD000179
RPY001688,Credit Card Reversal,RFD001571
RPY001689,Store Credit,RFD000558
RPY001690,Credit Card Reversal,RFD000501
RPY001691,Bank Transfer,RFD000788
RPY001692,Cash Refund,RFD000532
RPY001693,Bank Transfer,RFD000809
RPY001694,Credit Card Reversal,RFD001403
RPY001695,Store Credit,RFD000818
RPY001696,Original Payment Method,RFD001958
RPY001697,Cash Refund,RFD001578
RPY001698,Original Payment Method,RFD000023
RPY001699,Credit Card Reversal,RFD001723
RPY001700,Cash Refund,RFD000062
RPY001701,Credit Card Reversal,RFD000406
RPY001702,Bank Transfer,RFD000225
RPY001703,Credit Card Reversal,RFD001794
RPY001704,Bank Transfer,RFD001886
RPY001705,Credit Card Reversal,RFD001351
RPY001706,Store Credit,RFD001758
RPY001707,Bank Transfer,RFD001285
RPY001708,Original Payment Method,RFD001958
RPY001709,Bank Transfer,RFD001551
RPY001710,Original Payment Method,RFD000307
RPY001711,Store Credit,RFD001402
RPY001712,Cash Refund,RFD001165
RPY001713,Bank Transfer,RFD000819
RPY001714,Original Payment Method,RFD001152
RPY001715,Cash Refund,RFD001079
RPY001716,Store Credit,RFD001627
RPY001717,Original Payment Method,RFD001607
RPY001718,Original Payment Method,RFD000234
RPY001719,Bank Transfer,RFD000392
RPY001720,Original Payment Method,RFD001168
RPY001721,Original Payment Method,RFD001228
RPY001722,Store Credit,RFD001529
RPY001723,Original Payment Method,RFD000931
RPY001724,Store Credit,RFD000981
RPY001725,Original Payment Method,RFD000859
RPY001726,Credit Card Reversal,RFD000317
RPY001727,Credit Card Reversal,RFD000505
RPY001728,Store Credit,RFD001845
RPY001729,Cash Refund,RFD000637
RPY001730,Store Credit,RFD000162
RPY001731,Cash Refund,RFD001561
RPY001732,Bank Transfer,RFD001248
RPY001733,Original Payment Method,RFD001914
RPY001734,Bank Transfer,RFD000454
RPY001735,Store Credit,RFD000296
RPY001736,Original Payment Method,RFD000174
RPY001737,Original Payment Method,RFD001723
RPY001738,Original Payment Method,RFD000815
RPY001739,Bank Transfer,RFD001164
RPY001740,Credit Card Reversal,RFD000369
RPY001741,Store Credit,RFD000005
RPY001742,Cash Refund,RFD001150
RPY001743,Credit Card Reversal,RFD000015
RPY001744,Credit Card Reversal,RFD001105
RPY001745,Store Credit,RFD001540
RPY001746,Credit Card Reversal,RFD000785
RPY001747,Store Credit,RFD001659
RPY001748,Original Payment Method,RFD000143
RPY001749,Credit Card Reversal,RFD000862
RPY001750,Credit Card Reversal,RFD000555
RPY001751,Store Credit,RFD000038
RPY001752,Store Credit,RFD001419
RPY001753,Cash Refund,RFD001252
RPY001754,Cash Refund,RFD000617
RPY001755,Bank Transfer,RFD001891
RPY001756,Original Payment Method,RFD001087
RPY001757,Cash Refund,RFD001020
RPY001758,Bank Transfer,RFD001565
RPY001759,Store Credit,RFD001328
RPY001760,Cash Refund,RFD000019
RPY001761,Original Payment Method,RFD001876
RPY001762,Original Payment Method,RFD001157
RPY001763,Bank Transfer,RFD001763
RPY001764,Credit Card Reversal,RFD000168
RPY001765,Credit Card Reversal,RFD000607
RPY001766,Store Credit,RFD001510
RPY001767,Bank Transfer,RFD000598
RPY001768,Credit Card Reversal,RFD001588
RPY001769,Original Payment Method,RFD001051
RPY001770,Credit Card Reversal,RFD000412
RPY001771,Credit Card Reversal,RFD000367
RPY001772,Credit Card Reversal,RFD001007
RPY001773,Original Payment Method,RFD001644
RPY001774,Store Credit,RFD000124
RPY001775,Credit Card Reversal,RFD001236
RPY001776,Credit Card Reversal,RFD001600
RPY001777,Store Credit,RFD001216
RPY001778,Store Credit,RFD000620
RPY001779,Credit Card Reversal,RFD000467
RPY001780,Store Credit,RFD000844
RPY001781,Original Payment Method,RFD000105
RPY001782,Cash Refund,RFD000829
RPY001783,Original Payment Method,RFD001790
RPY001784,Credit Card Reversal,RFD000092
RPY001785,Credit Card Reversal,RFD001358
RPY001786,Credit Card Reversal,RFD000903
RPY001787,Bank Transfer,RFD000656
RPY001788,Original Payment Method,RFD000806
RPY001789,Credit Card Reversal,RFD001979
RPY001790,Bank Transfer,RFD000968
RPY001791,Original Payment Method,RFD001166
RPY001792,Cash Refund,RFD000153
RPY001793,Bank Transfer,RFD001391
RPY001794,Original Payment Method,RFD000715
RPY001795,Bank Transfer,RFD001814
RPY001796,Original Payment Method,RFD000842
RPY001797,Cash Refund,RFD000512
RPY001798,Store Credit,RFD000226
RPY001799,Bank Transfer,RFD000041
RPY001800,Cash Refund,RFD001441
